Date,Open,High,Low,Close
2017-12-26,92.43621341480929,93.3699125402114,74.92935481351965,79.36442565917969
2017-12-27,80.06470347613823,80.06470347613823,76.09648202105267,76.5633316040039
2017-12-28,76.56333773029384,80.9984091232072,76.3299129201405,78.19731140136719
2017-12-29,78.89758089572022,83.79950160225906,77.49703212242342,82.63237762451172
2018-01-03,84.03292766370271,89.40169804221705,82.63237886930767,88.70142364501953
2018-01-04,86.36717498617828,90.56882133685723,85.43347579713851,88.23457336425781
2018-01-05,88.23456154577929,89.86853490773817,88.00113677978517,88.00113677978516
2018-01-08,87.06744590012924,87.53429547600125,84.4997732328332,85.90032196044922
2018-01-09,88.4679946899414,88.4679946899414,88.4679946899414,88.4679946899414
2018-01-10,88.46799315987052,88.93484272799648,82.16552399016997,84.96662139892578
2018-01-11,85.2000496604226,87.30087280273438,84.49977527965198,87.30087280273438
2018-01-12,87.06743921816928,96.17100524902344,86.60058967812547,96.17100524902344
2018-01-15,95.23731578480114,98.03841330788353,91.03566950017756,92.43621826171875
2018-01-16,92.43621489580939,97.10471059761795,86.83402005363912,95.23731231689453
2018-01-17,93.36990500396152,101.30634692929826,93.13648024145162,98.97209930419922
2018-01-18,100.37264787925864,100.83949740427845,96.63785167910018,98.97209930419922
2018-01-19,103.64060494752057,106.44170237853464,100.37265794467082,105.50800323486328
2018-01-22,104.10745310783386,105.5080018043518,101.30635571479797,104.57430267333984
2018-01-23,105.04114780950984,105.04114780950984,98.50525416802923,101.77320098876953
2018-01-24,101.77320244529031,102.70690155029297,98.50525557778099,102.70690155029297
2018-01-25,103.17375806695249,105.04115640300593,101.30635973089906,102.24005889892578
2018-01-26,103.17374962622966,103.17374962622966,99.90580280548936,101.77320098876953
2018-01-29,100.83950683593751,105.04115295410156,100.83950683593751,105.04115295410156
2018-01-30,104.57430961848375,108.30910639057247,101.77321203941723,104.10746002197266
2018-01-31,103.64060065529563,104.10745020779696,101.30635289278898,102.70690155029297
2018-02-01,102.7069071719521,109.2428012647127,102.24005759389777,106.44170379638672
2018-02-02,107.84225036621095,107.84225036621095,104.10745381673178,105.04115295410156
2018-02-05,101.30636244290613,105.97485840801701,101.30636244290613,104.10746002197266
2018-02-06,101.30635431650522,104.10745167087863,99.9058056393185,103.6406021118164
2018-02-07,104.57430122994087,104.57430122994087,102.70690299369193,103.6406021118164
2018-02-08,103.6406056408315,106.9085526655424,103.6406056408315,105.974853515625
2018-02-09,104.57430425072522,110.64334869384766,104.10745467817733,110.64334869384766
2018-02-12,112.04389812565651,112.97759727670365,107.8422519459444,111.11019897460938
2018-02-13,112.0438974114913,112.0438974114913,108.77595040365614,110.64334869384766
2018-02-14,110.64335216175427,110.64335216175427,107.84225463867188,107.84225463867188
2018-02-15,108.30909801041108,109.24279713119049,104.10745196690375,108.77594757080078
2018-02-16,109.24279856580368,110.17649769884474,107.37540029972158,109.70964813232422
2018-02-19,107.84225463867188,108.77595381303267,107.37540505149148,107.84225463867188
2018-02-20,107.8422477327544,108.30909729003905,107.37539817546975,108.30909729003906
2018-02-21,108.30910210860404,108.77595168665836,106.44170379638672,106.44170379638672
2018-02-22,105.5080023079275,105.9748518756617,99.438957927383,99.90580749511719
2018-02-23,98.9721144603507,104.10746002197267,98.9721144603507,104.10746002197266
2018-02-26,104.10745507699473,104.10745507699473,96.63786188761394,100.83950805664062
2018-02-27,98.03841476440431,98.97211395263672,92.90306922912598,93.36991882324219
2018-02-28,93.36992018293626,94.30361938476562,91.50252177927753,94.30361938476562
2018-03-02,92.90305793957832,95.2373056265024,91.03565979003906,91.03565979003906
2018-03-05,90.80224470658736,91.03566950017756,86.83402321555398,89.86854553222656
2018-03-06,84.03292083740234,84.03292083740234,84.03292083740234,84.03292083740234
2018-03-07,84.03292705317608,86.83402462161528,78.89758151103754,85.66690063476562
2018-03-08,86.13374814679545,89.40169523095572,84.73319939644107,86.83402252197266
2018-03-09,87.49844127174357,87.73239432327229,83.98914549881268,87.26448822021484
2018-03-12,85.1589105635727,90.77378378754452,85.1589105635727,90.30587768554688
2018-03-13,88.90216827392578,90.07193364595112,88.20030905071059,88.90216827392578
2018-03-14,88.43426212511565,89.13612134833085,87.49844982749538,88.90216827392578
2018-03-15,87.73239928406554,90.53983606115564,87.73239928406554,90.07192993164062
2018-03-16,90.53983861749822,94.98494697339606,90.30588554613517,92.64541625976562
2018-03-19,92.41146635301041,95.45285638488164,92.41146635301041,94.51704406738281
2018-03-20,94.04912736263181,95.45284568147706,94.04912736263181,94.98493957519531
2018-03-21,94.98495022613223,94.98495022613223,92.17751327363571,94.51704406738281
2018-03-22,93.58123016357422,94.0491363143921,90.773793258667,93.58123016357422
2018-03-23,92.64541462489537,92.64541462489537,91.24169622148786,91.70960235595703
2018-03-26,90.77379008701868,91.70960235595702,90.5398370197841,91.70960235595703
2018-03-27,91.70960235595702,92.64541462489537,90.77379008701868,91.70960235595703
2018-03-28,91.47564928872244,91.94355542319161,91.00774315425328,91.70960235595703
2018-03-29,91.24169622148786,91.70960235595702,89.83797781808035,91.70960235595703
2018-03-30,91.70959937390941,92.17750549316406,90.07192795651818,92.17750549316406
2018-04-02,92.64541786193848,98.26029167175294,92.17751171112062,93.58123016357422
2018-04-03,93.58122520840044,94.98494358652646,90.77378845214844,90.77378845214844
2018-04-04,91.00774085003397,92.17750615658967,85.62682043987772,86.0947265625
2018-04-05,87.96635038062249,87.96635038062249,82.58543001159504,86.79658508300781
2018-04-09,84.45705513332202,87.49844493036684,84.45705513332202,86.0947265625
2018-04-10,86.5626343347693,87.26449353207823,85.39286900592106,87.0305404663086
2018-04-11,87.96635437011719,88.43426051038377,86.09472980905086,87.96635437011719
2018-04-12,87.73240290190044,88.90216827392578,87.03054367868523,88.90216827392578
2018-04-17,89.83797325721153,91.47564464471279,89.3700671464969,91.24169158935547
2018-04-18,92.17751081238569,94.04913539740875,91.94355773925781,91.94355773925781
2018-04-19,92.17750683027444,92.17750683027444,90.77378845214844,90.77378845214844
2018-04-20,90.77378378754452,91.47564294054101,90.30587768554688,90.30587768554688
2018-04-23,90.77379432719022,90.77379432719022,86.79659199842158,87.49845123291016
2018-04-24,87.26449448074702,90.07193130050297,87.03054141243403,88.668212890625
2018-04-25,88.66821358051706,88.90216665065036,87.26449515971731,87.96635437011719
2018-04-26,87.96635738923588,87.96635738923588,87.2644981547473,87.49845123291016
2018-04-27,87.49845123291016,88.20031046739875,87.49845123291016,87.49845123291016
2018-04-30,87.49845342766749,88.20031267976107,85.3928756713867,85.39287567138672
2018-05-02,84.69101324001281,84.92496631526146,82.81938863802357,83.52124786376953
2018-05-03,83.52124255729122,84.69100785921407,82.81938337613751,83.75519561767578
2018-05-04,83.75519954796992,86.32868333296342,83.28729340524383,84.92496490478516
2018-05-07,86.09472488571,86.09472488571,84.92495960193676,85.1589126586914
2018-05-08,86.09472317165799,86.32867622375488,83.98914570278592,84.22309875488281
2018-05-09,84.45705831811783,88.90216665065036,83.52124603758467,87.96635437011719
2018-05-10,88.66820955919128,88.66820955919128,86.32867896396195,86.79658508300781
2018-05-11,86.56263202348488,87.26449120205369,86.09472590443902,86.79658508300781
2018-05-14,87.03054208958403,88.43426051038377,86.32868287918416,87.96635437011719
2018-05-15,86.79658405597392,86.79658405597392,84.92495960193676,85.1589126586914
2018-05-16,84.69101377975109,86.09473224018896,80.4798583984375,80.4798583984375
2018-05-17,77.90637081484252,78.14032388035255,70.65382578403135,73.92916870117188
2018-05-18,72.99336068582214,73.22731376494337,69.25011141988254,69.718017578125
2018-05-21,69.25011433034703,69.25011433034703,63.8691932844079,64.57105255126953
2018-05-22,65.7408115009399,70.18591975189312,65.7408115009399,68.54824829101562
2018-05-23,68.78219902352112,69.48405819723051,67.84638679190859,68.31429290771484
2018-05-24,67.61243643079484,68.08034256526402,64.80499962397984,65.5068588256836
2018-05-25,66.20871965650102,66.91057887547453,65.74081351051868,66.44267272949219
2018-05-28,65.74081121653634,66.67662347584647,65.27290508688128,66.2087173461914
2018-05-30,65.27290644456333,65.97476565364467,64.10314109609446,64.80500030517578
2018-05-31,65.03895551766922,65.97476782727597,61.76361243404559,62.699424743652344
2018-06-01,62.69941839553018,62.933371449244845,60.82779396581286,61.29570007324219
2018-06-04,62.699425312117036,62.933378391639856,59.424082198797485,59.65803527832031
2018-06-05,60.1259438349312,63.401287078857415,59.65803765722746,63.40128707885742
2018-06-06,63.167326217307185,63.869185397499486,61.99756091698668,62.23151397705078
2018-06-07,62.465468308950896,66.910576540674,62.231515244123365,66.2087173461914
2018-06-08,65.97476565364467,65.97476565364467,64.33709416578823,64.80500030517578
2018-06-11,64.80500100128842,65.03895407349523,63.63523564025433,64.10314178466797
2018-06-12,64.5710479290816,66.67662557894296,64.10314178466797,64.10314178466797
2018-06-13,64.10314634541304,65.03895870082052,61.997568545746184,63.40128707885742
2018-06-14,63.167325555170336,63.167325555170336,62.231513324723366,62.933372497558594
2018-06-15,62.93338317029616,64.1031486567329,62.93338317029616,63.6352424621582
2018-06-18,63.86918777294374,63.86918777294374,62.46546936035157,62.46546936035156
2018-06-19,61.763608355854835,62.23151447976283,60.35988998413087,60.35988998413086
2018-06-20,60.593845483028524,62.93337619665897,60.35989241166548,61.76361083984375
2018-06-21,62.699424743652344,63.40128397585741,61.76361243404559,62.699424743652344
2018-06-22,62.46547166625066,64.33709628546416,62.46547166625066,62.699424743652344
2018-06-25,62.69942465662503,63.401283887855904,61.52965927124023,61.529659271240234
2018-06-26,62.46546638233511,62.933372497558594,61.06174803666465,62.933372497558594
2018-06-27,63.40127927737129,63.869185397499486,61.99756091698668,62.23151397705078
2018-06-28,62.23151915307138,62.23151915307138,59.424082198797485,59.65803527832031
2018-06-29,60.125937989920615,60.5938441221379,56.38268893218237,56.616641998291016
2018-07-02,56.14873641576522,56.382689484164246,53.809205731775,54.745018005371094
2018-07-03,55.21292179746178,55.21292179746178,54.043156505142676,54.51106262207031
2018-07-04,54.51105899165794,54.74501203454059,47.72642074806103,48.428279876708984
2018-07-05,43.04736380143599,46.0887536352331,37.90039639039473,41.17573928833008
2018-07-06,41.64364327324761,44.21712684631348,40.23992496066624,42.111549377441406
2018-07-09,43.04736791480898,45.62085186623778,42.81341482831545,44.68503952026367
2018-07-10,44.91898727416993,46.79061174392701,44.45108115673066,44.91898727416992
2018-07-11,44.685039520263665,45.8548049527313,44.685039520263665,44.68503952026367
2018-07-12,44.9189842334692,51.00176334841816,44.68503119058655,48.428279876708984
2018-07-13,49.59804998380002,50.767815313606626,49.13014385187738,50.065956115722656
2018-07-16,50.29990642528816,50.53385947842903,47.492469787597656,47.492469787597656
2018-07-17,47.96037292480469,48.42827900211985,46.790607731516765,47.96037292480469
2018-07-18,46.08875341513722,46.322706478158224,44.918988100032216,45.38689422607422
2018-07-19,45.152941163053214,46.322706478158224,44.45108197399021,45.38689422607422
2018-07-20,45.152940332889564,46.32270562648774,44.685034215450294,44.91898727416992
2018-07-23,44.918986628605765,46.08875190539238,44.68503357324845,45.620845794677734
2018-07-24,46.08875104676874,47.02456325076405,45.15293884277344,45.15293884277344
2018-07-25,45.620844944771086,46.08875104676874,44.91898579177461,45.15293884277344
2018-07-26,45.38689422607422,45.62084728909522,45.152941163053214,45.38689422607422
2018-07-31,45.3868933916092,45.85479950904847,44.91898727416993,44.91898727416992
2018-08-01,45.152941163053214,46.55665954117922,44.918988100032216,45.38689422607422
2018-08-02,45.38689877974425,45.8548049527313,44.685039520263665,44.68503952026367
2018-08-03,45.62084728909522,45.62084728909522,44.918988100032216,45.38689422607422
2018-08-06,45.85480035211622,46.79061260420022,44.918988100032216,45.38689422607422
2018-08-07,45.62085024175797,45.85480331992083,43.74922561645508,43.74922561645508
2018-08-08,43.74922561645508,44.91899100726939,43.74922561645508,43.74922561645508
2018-08-09,44.45108164911685,44.45108164911685,43.04736328125,43.04736328125
2018-08-10,42.579458515295826,43.51527079035727,40.94178703393829,41.643646240234375
2018-08-14,41.643644748453326,42.81341005037617,41.17573862768418,41.87759780883789
2018-08-15,40.239928391400504,40.239928391400504,38.836209959142344,39.77202224731445
2018-08-16,39.070162359689704,40.473880767822266,39.070162359689704,40.473880767822266
2018-08-17,40.47388146344353,40.47388146344353,39.77202224731445,39.77202224731445
2018-08-20,40.239929988466464,40.70783615112305,40.239929988466464,40.70783615112305
2018-08-21,40.47388146344353,40.707834535486555,39.538069175271424,39.77202224731445
2018-08-22,40.00597531935748,40.239928391400504,39.77202224731445,39.77202224731445
2018-08-23,40.47388306979475,41.17574231377964,40.239929988466464,40.70783615112305
2018-08-24,40.707834535486555,40.707834535486555,39.538069175271424,39.77202224731445
2018-08-27,40.23992769980018,40.70783383584436,40.23992769980018,40.473880767822266
2018-08-28,41.40969235246831,42.57945767315951,40.94178622419184,41.17573928833008
2018-08-29,41.643647659656615,41.643647659656615,40.23992919921875,40.23992919921875
2018-08-30,40.239926879168955,40.9417860689219,39.77202075266699,40.00597381591797
2018-08-31,40.23992703177712,41.17573928833008,39.538067839362405,41.17573928833008
2018-09-03,41.17573849440831,47.25851804471863,40.47387931552635,46.08875274658203
2018-09-04,46.088752567768104,46.32270562648774,44.45108115673066,44.91898727416992
2018-09-05,44.91898689689217,46.32270523742005,42.5794563293457,42.5794563293457
2018-09-06,43.28131876493755,45.15294336017809,42.813412616127415,44.45108413696289
2018-09-07,44.91898890904017,46.55666037968226,43.98317664010184,45.854801177978516
2018-09-10,46.5566598480823,48.66223742915135,46.5566598480823,47.72642517089844
2018-09-11,47.492471104345945,47.96037722360059,45.62084662732739,46.08875274658203
2018-09-12,46.088753570863354,47.2585188899208,46.088753570863354,46.55665969848633
2018-09-13,47.25851971830301,47.7264258541278,46.79061358247823,47.024566650390625
2018-09-14,46.556662006378176,47.258521232604984,46.556662006378176,46.79061508178711
2018-09-17,46.790611925463985,46.790611925463985,45.62084662732739,46.08875274658203
2018-09-18,46.32270731244768,47.726425715855186,45.62084811074393,45.854801177978516
2018-09-19,46.088752567768104,47.72642397880555,44.91898727416993,44.91898727416992
2018-09-20,45.152942535725046,45.85480174612492,43.04736490452543,43.983177185058594
2018-09-21,43.98317584794821,45.38689422607422,43.98317584794821,45.38689422607422
2018-09-24,45.38689877974425,45.38689877974425,44.685039520263665,44.68503952026367
2018-09-25,44.68503873310392,45.38689798022074,43.98317948598711,44.217132568359375
2018-09-26,44.68503873310392,44.68503873310392,43.98317948598711,44.217132568359375
2018-09-27,44.451079689776954,45.620844944771086,44.21712663877813,45.15293884277344
2018-09-28,45.38689877974425,45.38689877974425,44.685039520263665,44.68503952026367
2018-10-01,44.91899028577303,44.91899028577303,44.45108413696289,44.45108413696289
2018-10-02,44.451084850943666,44.68503792910653,43.51527253829222,43.74922561645508
2018-10-03,44.2171317727808,44.451084850943666,43.51527253829222,43.74922561645508
2018-10-04,43.98317552649456,43.98317552649456,42.34550409731658,43.04736328125
2018-10-05,43.047363955671614,43.515270085624564,42.34550476074218,42.34550476074219
2018-10-08,42.345506889875544,42.57945996661519,40.23992919921875,40.23992919921875
2018-10-09,42.11155463909281,42.11155463909281,40.47388306979475,40.70783615112305
2018-10-10,41.17574231377964,41.64364847643622,40.239929988466464,40.70783615112305
2018-10-11,40.00597531935748,40.239928391400504,38.836209959142344,39.77202224731445
2018-10-12,39.772023045739466,40.23992919921875,39.772023045739466,40.23992919921875
2018-10-16,40.23992901083864,40.23992901083864,37.666445178750116,37.90039825439453
2018-10-17,38.602255652932556,38.602255652932556,35.5608658136106,35.79481887817383
2018-10-18,36.02877698225134,36.02877698225134,31.349715036504406,31.8176212310791
2018-10-19,31.583663759560423,32.753429083988586,26.20274326719087,27.1385555267334
2018-10-22,27.840415000915524,28.776227269853862,25.734837395804266,26.202743530273438
2018-10-24,25.500884328569683,26.436696597508018,25.2669312613351,26.202743530273438
2018-10-25,25.7348379038148,28.30832169419628,25.7348379038148,27.606462478637695
2018-10-26,27.60646319182023,27.60646319182023,26.6706508802331,26.904603958129883
2018-10-29,26.9046030221162,27.372509161631264,23.86321311526828,25.266931533813477
2018-10-30,25.26693112382265,25.734837255745294,24.79902499190001,25.032978057861328
2018-10-31,25.26693086366396,26.670649244978623,25.26693086366396,25.96879005432129
2018-11-01,26.4366958525873,29.945991762222782,26.202742791944935,29.01017951965332
2018-11-02,29.47808564093805,29.47808564093805,28.54227339836859,29.01017951965332
2018-11-05,29.01017977396647,29.945992024739585,28.07436752319336,28.07436752319336
2018-11-06,28.54227464388957,29.010180785592677,26.20274393537403,26.436697006225586
2018-11-07,26.670648913229666,29.244132580295684,26.4366958525873,29.01017951965332
2018-11-08,26.202743890717272,29.712039947509766,26.202743890717272,29.712039947509766
2018-11-09,29.712040349841118,30.17994649708271,28.542274981737137,29.945993423461914
2018-11-12,30.413898315429684,30.88180444335937,28.776226867675778,29.24413299560547
2018-11-13,29.01017866061844,31.115756144050426,28.776225606903775,30.647850036621094
2018-11-14,30.647851379394528,30.88180444335937,29.01017993164062,29.24413299560547
2018-11-15,29.47808564093805,29.71203870158042,28.776226459010953,29.01017951965332
2018-11-16,29.010179100967036,30.413897444562217,28.776226043701175,28.776226043701172
2018-11-19,29.010180197471428,29.478086329688708,28.074367933036864,28.308320999145508
2018-11-20,28.308320851161564,28.542273916047197,26.904602461847766,27.1385555267334
2018-11-21,27.372509804092537,28.0743690298385,26.904603653595228,27.840415954589844
2018-11-22,27.840415431334907,28.308321573038015,26.20274393537403,26.436697006225586
2018-11-23,26.436697407772666,27.13855663098787,26.2027443333676,26.670650482177734
2018-11-26,26.90460273197719,26.90460273197719,25.734837395804266,26.202743530273438
2018-11-27,26.43669618142618,27.6064614991884,25.96879005432129,25.96879005432129
2018-11-28,26.436697006225586,26.904603147928693,25.96879086452248,26.436697006225586
2018-11-29,26.670648817582563,26.670648817582563,25.73483657836914,25.73483657836914
2018-11-30,25.96879074308607,25.96879074308607,25.266931533813477,25.266931533813477
2018-12-03,25.73483615840247,25.968789214387947,25.266930046431515,25.500883102416992
2018-12-04,25.500884603571006,25.96879074308607,25.032978464055944,25.266931533813477
2018-12-06,25.03297571866018,25.266928762759804,24.79902267456055,24.799022674560547
2018-12-07,25.03297635421012,25.03297635421012,24.097164154052734,24.097164154052734
2018-12-11,24.097164154052734,24.33111720409208,23.863211104013388,24.097164154052734
2018-12-12,24.331118714575673,24.5650717791389,23.86321258544922,23.86321258544922
2018-12-13,24.097164430932153,24.097164430932153,21.52368085092969,22.36591148376465
2018-12-14,22.55307631783325,22.55307631783325,21.991588592529297,21.991588592529297
2018-12-17,22.17875092626428,22.17875092626428,21.336518477608006,21.523681640625
2018-12-18,21.336518468439873,21.336518468439873,20.119963264112766,20.213544845581055
2018-12-19,20.21354541479781,20.307126998901367,19.74563927920027,20.307126998901367
2018-12-20,20.026381940672888,20.119963523346918,19.18415126644706,19.277732849121094
2018-12-21,19.184151009884406,19.37131417272941,18.716244887692106,18.90340805053711
2018-12-24,18.80982640091996,19.277732521415878,18.154757118257596,18.24833869934082
2018-12-25,17.78043282998575,18.06117579228059,17.125363538070815,17.31252670288086
2018-12-26,17.49969144954936,17.874016028085737,17.31252826782098,17.593271255493164
2018-12-27,17.967595994795794,17.967595994795794,17.031783740586015,17.31252670288086
2018-12-28,17.40610985868517,17.593271255493164,17.31252826782098,17.593271255493164
2019-01-02,17.499690118888434,17.686851501464844,17.218945367643443,17.686851501464844
2019-01-03,17.78043399013442,18.529083128382467,17.312527832499303,17.499691009521484
2019-01-04,17.593269917716512,18.061176051537913,17.218945367643443,17.686851501464844
2019-01-07,17.96759605407715,18.903408311374495,17.686851305935804,17.96759605407715
2019-01-08,18.061174692638527,18.1547562693459,17.312525648819772,17.780431747436523
2019-01-09,17.874014668961504,18.061176051537913,17.499690118888434,17.686851501464844
2019-01-10,17.686850661151432,17.686850661151432,17.031783175876292,17.218944549560547
2019-01-11,17.312524493886105,17.40610606435057,16.657455285554846,16.938199996948242
2019-01-14,16.938202915332777,17.499690649941655,16.938202915332777,17.125364303588867
2019-01-15,17.312528165719065,17.312528165719065,16.470297422749237,16.563879013061523
2019-01-16,16.657457673134296,16.657457673134296,16.095971739707498,16.3767147064209
2019-01-17,16.376714995413113,16.563878166471664,15.440902709960936,15.440902709960938
2019-01-18,15.534484728661202,16.00239088443461,14.598672417114386,14.692253112792969
2019-01-21,14.692252527895391,15.628065694647715,14.130765698796155,15.253739356994629
2019-01-22,15.160159914754818,15.815227451244036,15.066578328136272,15.628066062927246
2019-01-23,15.628064234773433,16.002388752539243,15.347319507759003,15.815225601196289
2019-01-24,16.002391076688053,16.283134059556822,15.721646308898926,15.721646308898926
2019-01-25,16.189550040834405,17.59326831437219,15.908807100094885,17.40610694885254
2019-01-28,17.593269709227485,22.178751194273154,17.40610832886903,20.58786964416504
2019-01-29,20.868611838207343,23.301723972575054,20.494287306363116,22.740236282348633
2019-01-30,23.395304409962783,24.79902267456055,23.20814126071505,24.799022674560547
2019-01-31,24.331120191222894,24.56507326998465,22.83382013016357,23.114564895629883
2019-02-01,23.301726348737038,23.86321409622041,23.114564956189476,23.629261016845703
2019-02-04,23.395307540893555,24.097166767120363,23.395307540893555,23.395307540893555
2019-02-05,23.629259738738106,23.629259738738106,22.085169855368974,22.27233123779297
2019-02-06,22.272332135820008,23.208144440432957,22.08517074584961,22.08517074584961
2019-02-07,22.085169026366835,22.085169026366835,21.149356794613325,21.804424285888672
2019-02-08,21.804425176992826,22.459494479959755,21.523682209961432,21.617263793945312
2019-02-11,21.710843639954717,21.80442343152719,21.2429375424119,21.336517333984375
2019-02-12,21.43009952843376,22.833817861539732,21.43009952843376,22.740236282348633
2019-02-13,23.020983866649548,23.301726854018778,22.553077697753906,22.553077697753906
2019-02-14,22.740237371233327,22.83381895490545,22.178751439041097,22.27233123779297
2019-02-15,22.272331311991987,22.64665764792752,21.617263793945312,21.617263793945312
2019-02-18,21.804424600230288,21.898006181738786,21.4301000591165,21.523681640625
2019-02-20,21.710846180988497,22.36591372326537,21.710846180988497,22.08517074584961
2019-02-21,22.272329939376107,22.45949309580924,21.617262461700424,21.710844039916992
2019-02-22,21.804424856600182,22.085169604426586,21.804424856600182,21.898006439208984
2019-02-25,21.991588271696852,22.646657572481455,21.991588271696852,22.27233123779297
2019-02-26,22.08517067558758,23.629260616302492,21.99158908843994,23.395307540893555
2019-02-27,23.395306972447084,23.629260042171556,22.740237663250458,23.301725387573242
2019-02-28,23.863213328991908,28.30832169419628,23.629260257139045,27.606462478637695
2019-03-01,25.968789214387947,25.968789214387947,22.833817907198522,25.500883102416992
2019-03-04,25.26693138709435,27.606462071084568,25.26693138709435,27.372509002685547
2019-03-05,27.13855672884388,28.542275180335807,26.202744427849264,27.840415954589844
2019-03-06,27.372508591619034,28.074367786275932,27.138555526733402,27.1385555267334
2019-03-07,27.138555526733402,27.606461656504667,26.20274326719087,27.1385555267334
2019-03-08,27.61466979980469,28.090784796353045,27.37661230153051,27.614669799804688
2019-03-11,27.856903463844358,29.79477500915527,27.37243557751663,29.794775009155273
2019-03-12,29.55253982543945,31.005943423411882,28.341370160462425,29.552539825439453
2019-03-13,29.55254040994952,30.279242223308934,29.068072534376576,30.03700828552246
2019-03-14,30.037008952319134,30.037008952319134,29.552541065991406,29.794775009155273
2019-03-15,29.794774425916437,29.794774425916437,28.341370795383927,29.310306549072266
2019-03-18,29.31030858573267,29.31030858573267,28.583606719970703,28.583606719970703
2019-03-19,28.583603509267174,29.55253922144572,28.583603509267174,29.068071365356445
2019-03-20,29.06807246170645,30.763710021972656,29.06807246170645,30.763710021972656
2019-03-21,30.763711258769032,31.248179152607914,30.037009418010708,31.005945205688477
2019-03-22,29.79477427324911,31.005943959153544,28.82583852452556,30.763710021972656
2019-03-25,30.279242223308934,30.521476161095404,29.55254040994952,30.03700828552246
2019-03-26,30.037008952319134,30.279242895482998,29.79477500915527,29.794775009155273
2019-03-27,29.79477500915527,30.037008952319134,29.552541065991406,29.794775009155273
2019-03-28,29.794774918329146,30.763710688030905,29.794774918329146,30.52147674560547
2019-03-29,30.279242223308934,30.521476161095404,30.03700828552246,30.03700828552246
2019-04-01,30.279242223308934,30.279242223308934,30.03700828552246,30.03700828552246
2019-04-02,30.037007629394534,30.763709426879885,30.037007629394534,30.27924156188965
2019-04-03,30.521475494384767,30.521475494384767,29.794773696899416,30.27924156188965
2019-04-04,30.279242302760604,30.279242302760604,29.06807261065018,29.310306549072266
2019-04-05,29.310306549072266,30.03700836433852,29.06807261065018,29.310306549072266
2019-04-09,29.31030858573267,29.55254254098666,28.583606719970703,28.583606719970703
2019-04-10,28.825838596590106,30.03700828552246,27.372434969871275,30.03700828552246
2019-04-11,30.037007077534994,30.037007077534994,29.06807136535645,29.068071365356445
2019-04-12,29.55254048749435,30.03700836433852,29.06807261065018,29.310306549072266
2019-04-17,28.825838596590106,30.763710098881877,28.825838596590106,30.03700828552246
2019-04-18,30.27924078482169,33.18604790016457,30.27924078482169,32.70158004760742
2019-04-19,32.70158454553405,33.428286424323694,31.974882666744403,32.4593505859375
2019-04-22,32.45934810060444,33.18604992375229,31.974880218505863,31.97488021850586
2019-04-23,32.217113357653716,34.15498483781334,32.217113357653716,33.67051696777344
2019-04-24,33.67051696777344,34.15498483781334,33.18604909773353,33.67051696777344
2019-04-25,33.912751746900156,34.15498568794944,31.49041233640729,31.97488021850586
2019-04-26,31.974882666744403,32.70158454553405,31.974882666744403,32.4593505859375
2019-04-29,32.21711289791661,32.701580761043175,31.005943240100194,31.73264503479004
2019-04-30,31.73264636549839,32.217114248941115,31.005944540334305,31.248178482055664
2019-05-02,31.248177896334433,31.974879707877093,29.79477427324911,30.763710021972656
2019-05-03,30.52147608479177,31.248177896334433,30.52147608479177,30.763710021972656
2019-05-07,30.521476745605465,30.763710688030905,30.279242803180026,30.52147674560547
2019-05-08,30.037010451494638,30.037010451494638,28.583606719970703,28.583606719970703
2019-05-09,28.341371042387827,29.794774685587203,26.645733458655222,27.13020133972168
2019-05-10,27.37243528025491,27.85690316132137,24.46562799385616,27.13020133972168
2019-05-13,27.130200138798468,27.61466799841987,26.161264419555664,26.161264419555664
2019-05-14,24.46562691088076,26.403498349366366,24.46562691088076,26.161264419555664
2019-05-15,26.887967674477586,26.887967674477586,24.950096130371094,24.950096130371094
2019-05-16,25.43456526903006,25.919033178916344,24.707863404200626,25.192331314086914
2019-05-17,25.192330753102024,25.192330753102024,24.707862854003906,24.707862854003906
2019-05-21,25.192329738451086,25.192329738451086,22.2855224609375,22.2855224609375
2019-05-22,22.769990921020508,23.54513880887974,22.576203025006528,22.769990921020508
2019-05-23,22.769990286261507,23.835819988429574,22.673096340955627,22.866884231567383
2019-05-24,22.9637794626672,23.060671565299995,22.576203659742447,22.673097610473633
2019-05-27,22.866884228456207,23.157564216236,22.576202392578125,22.576202392578125
2019-05-28,22.576201798103327,23.060669663711536,21.801053952369486,22.091733932495117
2019-05-29,22.285523165044143,22.576203162740157,21.89794921875,21.89794921875
2019-05-30,21.994841274489854,22.285521247170188,21.122797660252466,21.316585540771484
2019-05-31,21.41348126010995,22.18862915039062,21.31658731180028,22.188629150390625
2019-06-04,22.382415810496926,22.673095791269024,21.801054000854492,21.801054000854492
2019-06-05,21.994842848919504,24.707862281799315,21.897948901724156,24.2233943939209
2019-06-06,24.2233943939209,24.465628337860107,23.64203255884713,24.2233943939209
2019-06-07,24.46562957763672,26.161267271136293,24.12650166931712,24.46562957763672
2019-06-10,24.465628337860107,24.707862281799315,24.2233943939209,24.2233943939209
2019-06-11,24.46562704929868,24.707860980479854,23.932713139939388,24.12649917602539
2019-06-12,24.12650166931712,25.192331446279393,24.12650166931712,24.46562957763672
2019-06-13,24.707862854003906,25.192330753102024,24.46562890445485,24.707862854003906
2019-06-14,24.950096225738523,24.950096225738523,24.2233943939209,24.2233943939209
2019-06-17,24.46562780535902,24.95009568269286,23.35135205711084,23.448246002197266
2019-06-18,23.448247700776342,24.46562957763672,23.351353748670967,24.46562957763672
2019-06-19,24.465628156122172,26.161265751100935,24.465628156122172,25.67679786682129
2019-06-20,25.676796559934264,26.403498349366366,25.676796559934264,26.161264419555664
2019-06-21,25.919031808961112,28.099137288219524,25.67679786682129,25.67679786682129
2019-06-24,26.161266551298255,26.88796839994543,24.707862854003906,24.707862854003906
2019-06-25,24.707863533850944,25.192331446279393,24.46562957763672,24.46562957763672
2019-06-26,24.46562824434447,25.434564016397715,24.46562824434447,24.950096130371094
2019-06-27,25.43456470265108,25.43456470265108,24.707862854003906,24.707862854003906
2019-06-28,24.950096803552963,25.192330753102024,24.707862854003906,24.707862854003906
2019-07-01,25.192328842842205,25.192328842842205,23.932713139939388,24.12649917602539
2019-07-02,24.126499865178854,24.126499865178854,23.738925933837894,23.73892593383789
2019-07-03,23.73892650604248,24.707862281799315,23.73892650604248,24.2233943939209
2019-07-04,24.465627748139052,24.465627748139052,23.448245947356742,23.73892593383789
2019-07-05,23.83582051483453,24.465628401084363,23.545138672497302,23.932714462280273
2019-07-08,23.93271318666606,24.223393165411707,23.73892530210347,23.835819244384766
2019-07-09,23.932715668595943,24.707863591036137,23.932715668595943,24.02960777282715
2019-07-10,24.12650172515678,24.465629634261273,24.02960777282715,24.02960777282715
2019-07-11,24.22339495490579,25.43456470265108,24.22339495490579,24.707862854003906
2019-07-12,24.950096225738523,24.950096225738523,24.0296064995302,24.2233943939209
2019-07-15,24.22339567748641,24.465629634261273,24.02960777282715,24.02960777282715
2019-07-17,24.223393165411707,24.223393165411707,23.545137417540886,23.835819244384766
2019-07-18,23.93271318666606,24.126499223130413,23.73892530210347,23.835819244384766
2019-07-19,23.93271318666606,24.223393165411707,23.835819244384766,23.835819244384766
2019-07-22,23.93271446566941,24.029606565030544,23.64203262329102,23.642032623291016
2019-07-23,23.738926570750483,23.835820518209946,23.44824657647042,23.642032623291016
2019-07-24,23.64203255884713,24.465628337860107,23.64203255884713,24.2233943939209
2019-07-25,24.46562704929868,24.707860980479854,24.02960523393327,24.12649917602539
2019-07-26,24.223395621422494,24.46562957763672,24.12650166931712,24.46562957763672
2019-07-30,24.707862281799315,24.707862281799315,23.83582045323783,24.2233943939209
2019-07-31,24.465628337860107,24.707862281799315,24.2233943939209,24.2233943939209
2019-08-01,24.465628337860107,24.465628337860107,24.2233943939209,24.2233943939209
2019-08-02,23.932714462280273,24.126500509073427,23.642032619943045,23.932714462280273
2019-08-05,23.93271318666606,24.02960528084912,23.64203135982218,23.835819244384766
2019-08-06,23.83581919784727,24.223393118117503,23.64203131366304,24.12649917602539
2019-08-07,24.029605920319042,24.223393810038665,23.738925933837894,23.73892593383789
2019-08-08,23.932715113066198,24.02960721504833,23.15756536052047,23.54513931274414
2019-08-09,23.545139470857546,23.73892737231992,22.576203659742447,22.673097610473633
2019-08-13,22.673095791269024,22.673095791269024,21.801054000854492,21.801054000854492
2019-08-14,22.188629223434226,22.67309711847907,21.607267379760742,21.607267379760742
2019-08-15,21.607267769035992,23.738927284876503,21.122799865263005,23.254459381103516
2019-08-16,23.25445805763712,24.223393810038665,22.769990181436345,23.73892593383789
2019-08-19,23.73892650604248,24.465628337860107,23.73892650604248,24.2233943939209
2019-08-20,24.465628337860107,24.707862281799315,24.126500446725547,24.2233943939209
2019-08-21,24.465627527682578,26.403499015023773,24.22339359176493,25.919031143188477
2019-08-22,25.676797779328233,26.403499603271484,25.434563838013815,26.403499603271484
2019-08-23,26.88796748590032,26.88796748590032,26.161265661957067,26.403499603271484
2019-08-26,25.192328700312864,26.403498349366366,25.192328700312864,26.161264419555664
2019-08-27,26.403498944369233,27.372434685447,26.403498944369233,26.645732879638672
2019-08-28,26.88796748590032,27.372435368529153,26.403499603271484,26.403499603271484
2019-08-29,26.645732879638675,26.88796681490812,25.676797138560904,26.645732879638672
2019-08-30,26.887968063354496,27.85690384942132,26.40350017032108,26.887968063354492
2019-09-02,27.130201908580045,27.61466979980469,26.887967962967725,27.614669799804688
2019-09-03,27.85690374541701,29.552541364703266,27.61466979980469,27.614669799804688
2019-09-04,27.856904309371423,28.099138259887695,25.919032705241236,28.099138259887695
2019-09-05,28.583606719970703,28.583606719970703,27.37243694370076,28.583606719970703
2019-09-06,29.068073945886947,29.068073945886947,28.099138147690716,28.82583999633789
2019-09-09,28.583606719970703,29.068074630478684,28.099138809462726,28.583606719970703
2019-09-10,28.82583963548815,29.068073582004857,26.887968063354496,26.887968063354492
2019-09-11,26.88796739918845,27.13020133972168,26.645733458655222,27.13020133972168
2019-09-12,26.887967962967725,28.341371636641654,26.887967962967725,27.614669799804688
2019-09-13,27.85690374541701,28.099137691029334,27.61466979980469,27.614669799804688
2019-09-16,27.85690374541701,27.85690374541701,27.372435854192368,27.614669799804688
2019-09-17,27.614669220788137,28.0991371018546,27.13020133972168,27.13020133972168
2019-09-18,27.614669220788137,27.614669220788137,26.403499518121993,27.13020133972168
2019-09-19,27.372434685447,27.372434685447,26.645732879638675,26.645732879638672
2019-09-20,26.887968063354496,26.887968063354496,26.161266223804372,26.887968063354492
2019-09-23,26.887967577520406,26.887967577520406,25.67679786682129,25.67679786682129
2019-09-24,25.676796559934264,26.161264419555664,25.434562630123562,26.161264419555664
2019-09-25,26.161265079106123,26.161265079106123,25.676797207270823,25.919031143188477
2019-09-26,26.161264419555664,26.645732279177064,26.161264419555664,26.161264419555664
2019-09-27,26.16126500909979,27.614668620716444,26.16126500909979,26.645732879638672
2019-09-30,26.6457335445859,27.130201427214736,26.403499603271484,26.403499603271484
2019-10-01,26.645732950941422,26.645732950941422,25.919031143188473,25.919031143188477
2019-10-02,25.676796559934264,26.161264419555664,25.192328700312864,26.161264419555664
2019-10-03,25.434563924681463,25.919031808961112,25.434563924681463,25.67679786682129
2019-10-04,25.434563924681463,25.67679786682129,25.434563924681463,25.67679786682129
2019-10-07,25.434562683105472,25.676796613420763,24.95009482247489,25.43456268310547
2019-10-08,25.91903054373605,25.91903054373605,25.434562683105472,25.43456268310547
2019-10-09,25.192331314086914,25.6767992239732,25.192331314086914,25.192331314086914
2019-10-10,25.192331314086914,25.6767992239732,25.192331314086914,25.192331314086914
2019-10-11,25.192330753102024,25.43456470265108,24.707862854003906,24.707862854003906
2019-10-15,24.707862098261995,25.67679786682129,24.707862098261995,25.67679786682129
2019-10-16,25.676796559934264,26.645732279177064,25.434562630123562,26.161264419555664
2019-10-17,26.161265577588765,28.0991371018546,26.161265577588765,27.13020133972168
2019-10-18,27.372436408338874,28.099138259887695,26.88796850730633,28.099138259887695
2019-10-21,28.341371636641654,28.341371636641654,27.372435854192368,27.614669799804688
2019-10-22,27.61466979980469,27.85690374541701,27.372435854192368,27.614669799804688
2019-10-24,27.614669902904616,27.85690384942132,26.887968063354496,26.887968063354492
2019-10-25,26.6457335445859,27.130201427214736,25.1923298966994,26.403499603271484
2019-10-28,25.919032277287666,27.1302020098712,25.919032277287666,26.887968063354492
2019-10-29,26.887968063354496,27.614669902904616,26.887968063354496,26.887968063354492
2019-10-30,26.887968063354496,27.614669902904616,26.887968063354496,26.887968063354492
2019-10-31,27.1302020098712,27.372435956387907,26.887968063354496,26.887968063354492
2019-11-01,26.403499518121993,27.37243528025491,26.403499518121993,27.13020133972168
2019-11-04,26.645734556790057,28.341372210403968,26.645734556790057,28.099138259887695
2019-11-05,28.341370955757473,28.341370955757473,27.614669136379074,27.856903076171875
2019-11-06,27.614669902904616,28.09913779593803,26.887968063354496,26.887968063354492
2019-11-07,26.887968063354496,27.1302020098712,26.645734116837787,26.887968063354492
2019-11-08,27.1302020098712,27.614669902904616,26.645734116837787,26.887968063354492
2019-11-11,26.887966208987766,27.130200138798468,26.161264419555664,26.161264419555664
2019-11-12,26.887968063354496,26.887968063354496,25.919032277287666,26.887968063354492
2019-11-13,26.645732279177064,26.887966208987766,26.161264419555664,26.161264419555664
2019-11-14,26.403498349366366,26.887966208987766,26.161264419555664,26.161264419555664
2019-11-15,25.919033178916344,26.40350108880263,25.192331314086914,25.192331314086914
2019-11-18,25.192330753102024,25.192330753102024,24.126501005466494,24.707862854003906
2019-11-19,24.707861463600228,26.161265079106123,24.707861463600228,25.919031143188477
2019-11-20,26.161267271136293,26.161267271136293,24.46562957763672,24.46562957763672
2019-11-21,24.46562824434447,25.192330073384404,24.12650035450617,24.950096130371094
2019-11-22,24.950096225738523,25.19233016967773,24.2233943939209,24.2233943939209
2019-11-25,24.707863533850944,24.95009749006517,24.12650166931712,24.46562957763672
2019-11-26,24.46562957763672,24.707863533850944,24.12650166931712,24.46562957763672
2019-11-27,24.2233943939209,24.465628337860107,24.126500446725547,24.2233943939209
2019-11-28,24.126499176025387,24.223393118117503,24.02960523393327,24.12649917602539
2019-11-29,24.126500446725547,24.2233943939209,24.0296064995302,24.2233943939209
2019-12-02,24.22339567748641,24.22339567748641,24.02960777282715,24.02960777282715
2019-12-03,24.465628401084363,24.95009629021475,23.932714462280273,23.932714462280273
2019-12-04,24.2233938666921,24.2233938666921,23.448246002197266,23.448246002197266
2019-12-06,23.54513873899081,24.223394524928135,23.35135269165039,23.35135269165039
2019-12-09,23.351351464526257,23.448245407153813,22.963777542114258,22.963777542114258
2019-12-11,22.963778173748903,23.060670270943305,22.576202392578125,22.576202392578125
2019-12-12,22.673097610473636,22.9637794626672,22.673097610473636,22.673097610473633
2019-12-13,22.769991477330525,24.223395188649494,22.769991477330525,23.254459381103516
2019-12-16,23.35135210999848,23.448246055304356,22.866884231567383,22.866884231567383
2019-12-17,23.06067021813719,23.351352053349647,23.06067021813719,23.157564163208008
2019-12-18,23.060671480354962,23.448247281852066,22.8668854277048,23.254459381103516
2019-12-19,23.738927284876503,23.738927284876503,23.254459381103516,23.254459381103516
2019-12-20,23.35135210999848,23.448246055304356,22.866884231567383,22.866884231567383
2019-12-23,22.866883599486698,23.060669636643578,22.866883599486698,22.963777542114258
2019-12-24,23.351351464526257,23.351351464526257,22.963777542114258,22.963777542114258
2019-12-25,23.060669636643578,23.254457521898697,22.963777542114258,22.963777542114258
2019-12-26,23.254457521898697,23.254457521898697,22.963777542114258,22.963777542114258
2019-12-27,23.060670852661133,23.54513874324728,23.060670852661133,23.060670852661133
2019-12-30,22.963778748871206,24.029606629489376,22.963778748871206,23.35135269165039
2020-01-02,23.25445810827883,23.545138095393,22.96377812116466,23.157564163208008
2020-01-03,23.642031988978083,23.835819878697702,23.54513804411827,23.73892593383789
2020-01-06,23.351352695871824,23.642032690984173,22.769990857548784,23.060670852661133
2020-01-07,22.963779308457823,23.642033262824658,22.963779308457823,23.54513931274414
2020-01-08,22.963778753022574,23.44824664360872,22.963778753022574,23.060670852661133
2020-01-09,23.254458681551494,23.738926570750483,22.963778687271432,23.642032623291016
2020-01-10,23.64203333450223,23.738927284876503,23.254459381103516,23.254459381103516
2020-01-13,23.25445874393101,23.54513873899081,23.25445874393101,23.35135269165039
2020-01-14,23.44824657314989,24.95009629021475,23.44824657314989,23.932714462280273
2020-01-15,23.738925933837894,24.029605920319042,23.642031988978083,23.73892593383789
2020-01-16,23.835821162985685,23.835821162985685,23.448247210762013,23.54513931274414
2020-01-17,23.448247210762013,23.932715113066198,23.448247210762013,23.54513931274414
2020-01-20,23.64203333450223,23.64203333450223,23.254459381103516,23.254459381103516
2020-01-21,23.254458112024416,23.448246002197266,22.963778124863424,23.448246002197266
2020-01-22,23.060670852661133,23.15756480039803,22.963778753022574,23.060670852661133
2020-01-23,23.642031444310692,23.642031444310692,22.963777542114258,22.963777542114258
2020-01-24,23.254457521898697,23.254457521898697,22.963777542114258,22.963777542114258
2020-01-27,22.769992373966694,22.866886328156458,21.897950482455744,21.994844436645508
2020-01-28,22.963777620139364,22.963777620139364,21.801054000854492,21.801054000854492
2020-01-29,22.188630496926574,22.188630496926574,21.80105652826598,21.994844436645508
2020-01-30,22.188627875236406,22.188627875236406,21.801053952369486,22.091733932495117
2020-01-31,22.09173462532952,22.09173462532952,21.70416069030762,21.704160690307617
2020-02-03,21.897949935543235,21.897949935543235,21.5103759765625,21.5103759765625
2020-02-04,21.5103759765625,21.704162032003662,21.5103759765625,21.5103759765625
2020-02-05,21.801055277018023,21.9948431742753,21.510375279230455,21.607267379760742
2020-02-06,21.897949225646663,21.9948431742753,21.607267379760742,21.607267379760742
2020-02-07,21.510374704707683,21.801054694731448,21.413480758666996,21.413480758666992
2020-02-11,21.704160748690757,21.801054694731448,21.316586812626305,21.413480758666992
2020-02-12,21.607268080233872,21.99484388731302,21.316588073022928,21.5103759765625
2020-02-13,21.510374704707683,21.89794864077214,21.413480758666996,21.413480758666992
2020-02-14,21.801054040935885,21.897947984070804,21.12279828708969,21.21969223022461
2020-02-17,21.316586223945155,21.316586223945155,20.83211835521913,20.929012298583984
2020-02-18,20.541439777027556,20.63833187891578,19.863183975219727,19.863183975219727
2020-02-19,19.863183467373787,20.15386346180334,19.088035583496094,19.088035583496094
2020-02-20,18.99114110456619,18.99114110456619,17.925311407985248,18.022205352783203
2020-02-21,17.925310134887695,18.119098010720336,17.828416196971375,17.925310134887695
2020-02-24,17.247057578156983,17.9253134197659,17.247057578156983,17.440845489501953
2020-02-25,17.24705632298551,17.634632117469245,17.24705632298551,17.343950271606445
2020-02-26,17.05326840768105,17.634630187689137,16.76258659362793,16.76258659362793
2020-02-27,16.762587868954434,17.34394969319353,16.665695771663163,17.150163650512695
2020-02-28,16.956375814596793,16.956375814596793,16.568801879882812,16.568801879882812
2020-03-02,16.665695945640245,16.665695945640245,14.534036517210104,15.406078338623047
2020-03-03,15.502972602844237,16.181228393458014,15.40607865445679,15.502972602844238
2020-03-04,15.599865544638197,15.987439465081124,15.599865544638197,15.793651580810547
2020-03-05,15.890545522945835,16.084333407216413,15.502971602502909,15.793651580810547
2020-03-06,15.696760860153187,15.696760860153187,15.309185981750488,15.309185981750488
2020-03-09,14.63093026226665,15.406078126611282,14.340249351112842,14.437142372131348
2020-03-10,14.727824006579574,14.727824006579574,14.049569129943848,14.049569129943848
2020-03-11,14.049568878347818,14.340249798571746,13.565100985990997,13.661994934082031
2020-03-12,13.56510105698339,13.56510105698339,10.948974609375,10.948974609375
2020-03-13,8.377067501371792,11.561332854834705,8.377067501371792,10.77751350402832
2020-03-16,10.777513504028322,11.071445877378872,10.48358113067777,10.77751350402832
2020-03-17,10.77751392787887,11.659310148223932,10.287626931157103,10.48358154296875
2020-03-18,10.973468539690517,10.973468539690517,10.48358154296875,10.48358154296875
2020-03-19,10.483581923705506,11.463355952731915,10.385605081434061,10.875492095947266
2020-03-20,11.463355880273568,11.757288274000649,11.169423486546487,11.561333656311035
2020-03-23,11.071446312788987,11.071446312788987,10.385604704255572,10.48358154296875
2020-03-24,10.189649158058632,10.77751392787887,9.797739934435334,10.48358154296875
2020-03-25,10.287627083845782,10.777514087838439,10.189649309293129,10.385604858398438
2020-03-26,10.679536018677915,10.679536018677915,10.287626800049201,10.581559181213379
2020-03-27,10.58155889992304,10.777513504028322,10.48358113067777,10.77751350402832
2020-03-30,10.973468780517578,10.973468780517578,10.973468780517578,10.973468780517578
2020-03-31,10.973468361441558,11.757287730341371,10.58155914418429,11.267400741577148
2020-04-01,11.267400979995728,12.443129591031266,11.267400979995728,11.757287979125977
2020-04-02,11.65931063811145,11.757288415326638,11.267401398021361,11.463356018066406
2020-04-03,11.267400741577148,11.561333121712737,11.267400741577148,11.267400741577148
2020-04-07,11.365378706498602,12.63908415145311,11.267400933324273,12.443129539489746
2020-04-08,12.443130056864481,13.226949471693771,12.345153214001654,12.737062454223633
2020-04-09,12.933016397444552,13.128971007299642,12.345152567879287,12.541107177734375
2020-04-10,13.1289715522588,13.1289715522588,12.5411076982924,12.835040092468262
2020-04-13,12.93301693427,13.1289715522588,12.835040092468262,12.835040092468262
2020-04-14,12.933016999935413,14.108745648223119,12.737062380951684,13.422904014587402
2020-04-15,13.4229037832475,13.912790789456425,12.933016777038574,12.933016777038574
2020-04-16,13.030994011650852,13.324926390064157,12.639083862304686,12.639083862304688
2020-04-17,12.737062161432066,13.226949167640992,12.54110754582556,12.933016777038574
2020-04-20,12.933016357041131,13.52088111915516,12.933016357041131,13.226948738098145
2020-04-21,13.226948605510808,13.61885782006813,13.226948605510808,13.324926376342773
2020-04-22,13.324926645475294,13.520881256711784,13.128971099853516,13.128971099853516
2020-04-23,13.324927248941933,13.324927248941933,12.737062454223633,12.737062454223633
2020-04-24,12.737061633237547,13.226948619131297,12.639083862304686,12.639083862304688
2020-04-27,12.73706206917274,14.500655465627565,12.73706206917274,14.30470085144043
2020-04-28,14.598632445322938,15.284475003123399,13.520881589780652,14.2067232131958
2020-04-29,14.794587267471556,15.18649648030599,14.402677120251854,14.696609497070312
2020-04-30,14.79458793313525,15.284474938412771,14.79458793313525,14.89256477355957
2020-05-05,15.186496881210873,17.048067092895508,15.186496881210873,17.048067092895508
2020-05-07,18.125819486730236,18.4197509471149,16.16627143411075,16.656158447265625
2020-05-08,17.1460443430662,17.43997578429627,16.754135131835938,16.754135131835938
2020-05-11,17.43997547347612,17.43997547347612,16.950088500976562,16.950088500976562
2020-05-12,16.95008905501509,17.733909357897,16.85211315232909,17.244022369384766
2020-05-13,16.852112601493047,17.244021805738594,16.852112601493047,16.950088500976562
2020-05-14,16.85211372375488,16.950089629763074,16.460202624639628,16.852113723754883
2020-05-15,16.950089629763074,17.04806740454189,16.656158174197255,16.852113723754883
2020-05-18,16.852112601493047,17.048066269230574,16.656157064985024,16.950088500976562
2020-05-19,16.95008907281389,17.048066844373327,16.55817985534668,16.55817985534668
2020-05-20,16.558180670880517,16.950089907650288,16.558180670880517,16.656158447265625
2020-05-21,16.65615821607185,16.754135991096987,16.166271209716797,16.166271209716797
2020-05-22,16.166270971298218,16.166270971298218,15.676383972167969,15.676383972167969
2020-05-25,15.774362197340984,16.852114000035833,15.67638442095588,16.656158447265625
2020-05-26,18.909637182946124,19.105592727661133,18.517727962286674,19.105592727661133
2020-05-27,19.69345773879013,20.47727618989029,18.909637418919374,19.59547996520996
2020-05-28,19.693458729195374,19.693458729195374,18.321775436401367,18.321775436401367
2020-05-29,18.32177533487944,19.889412307231552,17.63593275789738,19.00761604309082
2020-06-01,19.007614979753694,19.98738896704791,18.41975021362305,18.419750213623047
2020-06-02,18.811661857399393,19.301548865469474,18.419750755926824,18.71368408203125
2020-06-04,19.20356997657857,19.497501416868698,18.71368299691468,18.811660766601562
2020-06-05,19.007615766502166,19.497502780426295,18.811662082194903,19.203571319580078
2020-06-08,19.301547746265452,19.791434725929342,18.811660766601566,18.811660766601562
2020-06-09,18.909637451171875,19.595479998632243,18.61570599870063,18.909637451171875
2020-06-10,18.909636667517926,19.399523647181816,18.71368299691468,18.811660766601562
2020-06-11,18.811662460168563,18.90963836990545,18.125819879386214,18.321775436401367
2020-06-12,17.4399765561081,17.92986355901867,17.342000650542474,17.537954330444336
2020-06-15,17.83188773400178,17.83188773400178,16.754135948976067,16.852113723754883
2020-06-16,17.048066269230574,17.43997547347612,16.950088500976562,16.950088500976562
2020-06-17,16.85211285760809,17.43997573852539,16.85211285760809,17.43997573852539
2020-06-18,17.34200038437435,18.125818829492836,17.14604483870944,17.733909606933594
2020-06-19,18.027841056660378,18.027841056660378,17.733909606933594,17.733909606933594
2020-06-22,17.439977364606523,18.321775505741243,17.14604589674208,17.63593292236328
2020-06-23,17.635932104780572,18.51772833626548,17.342000650542474,17.537954330444336
2020-06-24,17.537953814983887,17.929863032039563,17.244022369384766,17.244022369384766
2020-06-25,17.04806768403539,17.2440232368056,16.656158447265625,16.656158447265625
2020-06-26,17.048067482080835,17.048067482080835,14.206723213195799,14.2067232131958
2020-06-29,15.088518410354839,16.26424789428711,14.99054157628398,16.26424789428711
2020-06-30,16.65615821607185,17.04806744740177,16.166271209716797,16.166271209716797
2020-07-01,16.26424840943891,16.55817985534668,15.970315094760586,16.55817985534668
2020-07-02,16.558180670880517,18.321775039500444,16.558180670880517,16.656158447265625
2020-07-03,16.950089907650288,16.950089907650288,16.558180670880517,16.656158447265625
2020-07-07,16.852113484370662,16.950089388987106,16.362226486206055,16.362226486206055
2020-07-08,16.65615762690612,16.75413539846556,16.460202083787237,16.55817985534668
2020-07-09,16.656157937596582,17.244022709148226,16.264248712819015,16.362226486206055
2020-07-10,16.460202390822502,16.656157937596582,16.068293166044935,16.362226486206055
2020-07-13,16.558180340695507,16.950089569650252,15.578406333923342,15.57840633392334
2020-07-14,15.578406394071036,15.578406394071036,14.598632383515994,14.89256477355957
2020-07-15,15.088519096374512,15.186496869285309,14.89256448493821,15.088519096374512
2020-07-16,15.382451480721608,15.480429253632405,14.696609873501911,15.088519096374512
2020-07-17,15.18649732358573,15.18649732358573,14.696610313147481,14.794588088989258
2020-07-20,14.794587646412706,15.284474642196104,14.696609873501911,15.088519096374512
2020-07-21,15.284474972031825,16.852113766122123,15.284474972031825,16.166271209716797
2020-07-22,16.166270717497795,16.656157708937123,15.186496734619142,15.18649673461914
2020-07-23,15.28447503290761,15.676384265798443,15.28447503290761,15.480429649353027
2020-07-24,15.480428980847094,15.480428980847094,15.28447437286377,15.28447437286377
2020-07-29,15.676384168880665,15.676384168880665,14.892564773559569,14.89256477355957
2020-07-30,14.990542611835389,15.088519452674516,14.206723213195799,14.2067232131958
2020-07-31,14.304700564005696,14.500655174255373,14.010768181438538,14.500655174255371
2020-08-03,14.402677150360253,14.69660952779317,13.716835559273626,14.010767936706543
2020-08-04,14.108745437971358,14.30470098842024,14.108745437971358,14.2067232131958
2020-08-05,14.206723351126865,14.304701127302557,14.0107687331608,14.108745574951172
2020-08-06,14.108745437971358,14.50065560448381,14.108745437971358,14.2067232131958
2020-08-07,14.10874506298204,14.500655219078107,13.716835841271262,13.814813613891602
2020-08-10,13.814813361732062,13.814813361732062,13.030993998232146,13.324926376342773
2020-08-11,13.422903212789468,14.010767969010724,13.324926376342773,13.324926376342773
2020-08-13,13.520881652832031,13.716836269809388,13.422903877150695,13.520881652832031
2020-08-14,13.814814045490726,13.814814045490726,13.520881652832031,13.520881652832031
2020-08-17,14.500655632740624,15.480429649353027,14.20672324087984,15.480429649353027
2020-08-18,15.088519547743953,15.480429716725745,14.598632537305702,14.794588088989258
2020-08-19,14.794587602553834,14.892564440788885,13.520881230415874,13.814813613891602
2020-08-20,13.520881362871933,13.912790588422013,13.520881362871933,13.716835975646973
2020-08-21,13.814813301000202,15.676383463541667,13.618857760197717,14.696609497070312
2020-08-24,14.696609564780466,16.852113048456488,14.696609564780466,15.970314979553223
2020-08-25,16.26424789428711,17.04806630439496,16.068292357374897,16.26424789428711
2020-08-26,16.460202845246748,17.635932420808935,16.362226937925435,17.34200096130371
2020-08-27,17.600000381469727,17.700000762939453,17.299999237060547,17.5
2020-08-28,17.799999237060547,18.200000762939453,16.399999618530273,16.5
2020-08-31,16.700000762939453,18.100000381469727,16.5,17.299999237060547
2020-09-01,17.600000381469727,17.899999618530273,17.100000381469727,17.100000381469727
2020-09-02,17.200000762939453,17.5,17.100000381469727,17.100000381469727
2020-09-03,17.200000762939453,18.399999618530273,17.200000762939453,17.399999618530273
2020-09-08,17.200000762939453,17.200000762939453,16.0,16.299999237060547
2020-09-09,16.0,17.100000381469727,15.600000381469727,16.200000762939453
2020-09-10,16.399999618530273,16.600000381469727,15.899999618530273,16.0
2020-09-11,16.100000381469727,16.399999618530273,15.600000381469727,15.600000381469727
2020-09-14,15.699999809265137,15.899999618530273,15.300000190734863,15.399999618530273
2020-09-15,15.399999618530273,16.299999237060547,15.399999618530273,15.800000190734863
2020-09-16,16.0,17.100000381469727,15.899999618530273,16.299999237060547
2020-09-17,16.5,16.799999237060547,15.800000190734863,16.0
2020-09-18,16.0,16.200000762939453,15.600000381469727,15.699999809265137
2020-09-21,15.800000190734863,16.100000381469727,15.699999809265137,15.699999809265137
2020-09-22,15.699999809265137,16.200000762939453,15.699999809265137,16.0
2020-09-23,16.100000381469727,17.200000762939453,16.100000381469727,16.899999618530273
2020-09-24,17.0,17.600000381469727,16.799999237060547,17.0
2020-09-25,17.200000762939453,17.200000762939453,16.5,16.799999237060547
2020-09-28,16.899999618530273,17.799999237060547,16.799999237060547,17.600000381469727
2020-09-29,17.899999618530273,18.799999237060547,17.600000381469727,17.600000381469727
2020-09-30,17.600000381469727,17.799999237060547,16.100000381469727,16.100000381469727
2020-10-01,16.399999618530273,16.5,15.300000190734863,15.5
2020-10-02,15.699999809265137,16.0,15.300000190734863,15.300000190734863
2020-10-05,15.199999809265137,15.899999618530273,14.800000190734863,15.899999618530273
2020-10-06,15.899999618530273,16.399999618530273,15.399999618530273,15.699999809265137
2020-10-07,15.600000381469727,16.0,15.5,16.0
2020-10-08,16.100000381469727,16.100000381469727,15.600000381469727,15.600000381469727
2020-10-09,15.600000381469727,15.699999809265137,15.300000190734863,15.300000190734863
2020-10-12,15.399999618530273,15.399999618530273,15.0,15.199999809265137
2020-10-14,15.199999809265137,15.399999618530273,14.899999618530273,15.399999618530273
2020-10-15,15.300000190734863,15.300000190734863,15.0,15.100000381469727
2020-10-16,15.100000381469727,15.100000381469727,14.5,14.5
2020-10-19,14.5,14.699999809265137,13.699999809265137,14.0
2020-10-20,14.0,14.399999618530273,14.0,14.300000190734863
2020-10-21,14.300000190734863,14.800000190734863,14.300000190734863,14.5
2020-10-22,14.5,14.899999618530273,14.100000381469727,14.100000381469727
2020-10-26,14.100000381469727,14.600000381469727,14.100000381469727,14.399999618530273
2020-10-27,14.199999809265137,14.399999618530273,14.100000381469727,14.399999618530273
2020-10-28,14.399999618530273,14.600000381469727,14.300000190734863,14.399999618530273
2020-10-29,14.399999618530273,14.5,14.199999809265137,14.199999809265137
2020-10-30,14.199999809265137,14.5,13.899999618530273,14.0
2020-11-02,14.0,14.399999618530273,14.0,14.399999618530273
2020-11-03,14.399999618530273,14.699999809265137,14.300000190734863,14.5
2020-11-04,14.5,14.800000190734863,14.399999618530273,14.600000381469727
2020-11-05,14.600000381469727,15.0,14.5,14.800000190734863
2020-11-06,15.0,15.100000381469727,14.699999809265137,14.800000190734863
2020-11-09,14.899999618530273,15.199999809265137,14.899999618530273,15.100000381469727
2020-11-10,15.100000381469727,15.399999618530273,14.800000190734863,15.0
2020-11-11,15.0,15.300000190734863,14.699999809265137,15.0
2020-11-12,15.100000381469727,15.399999618530273,15.0,15.100000381469727
2020-11-13,15.100000381469727,15.5,15.100000381469727,15.5
2020-11-16,15.199999809265137,16.100000381469727,15.199999809265137,15.300000190734863
2020-11-17,15.399999618530273,15.5,15.100000381469727,15.199999809265137
2020-11-18,15.199999809265137,15.600000381469727,15.100000381469727,15.100000381469727
2020-11-19,15.199999809265137,16.0,15.100000381469727,16.0
2020-11-20,16.0,16.399999618530273,15.899999618530273,16.100000381469727
2020-11-23,16.299999237060547,16.299999237060547,16.0,16.100000381469727
2020-11-24,16.100000381469727,16.100000381469727,15.800000190734863,15.800000190734863
2020-11-25,16.0,16.0,15.800000190734863,15.899999618530273
2020-11-26,16.0,16.700000762939453,16.0,16.399999618530273
2020-11-27,16.5,17.100000381469727,16.399999618530273,17.0
2020-11-30,17.100000381469727,17.100000381469727,16.299999237060547,16.399999618530273
2020-12-01,16.5,17.0,16.5,16.799999237060547
2020-12-02,17.0,17.5,16.899999618530273,17.0
2020-12-03,17.100000381469727,17.700000762939453,17.100000381469727,17.299999237060547
2020-12-04,17.200000762939453,18.200000762939453,17.200000762939453,18.200000762939453
2020-12-08,18.299999237060547,18.899999618530273,18.0,18.399999618530273
2020-12-09,18.600000381469727,18.700000762939453,17.600000381469727,17.899999618530273
2020-12-14,18.200000762939453,18.200000762939453,17.600000381469727,17.600000381469727
2020-12-15,17.600000381469727,18.5,17.5,18.100000381469727
2020-12-16,18.200000762939453,18.5,18.100000381469727,18.299999237060547
2020-12-17,18.299999237060547,18.700000762939453,18.299999237060547,18.299999237060547
2020-12-18,18.299999237060547,19.0,18.200000762939453,18.200000762939453
2020-12-21,17.0,17.700000762939453,16.299999237060547,16.399999618530273
2020-12-22,16.799999237060547,16.799999237060547,16.299999237060547,16.399999618530273
2020-12-23,16.700000762939453,17.0,16.399999618530273,16.899999618530273
2020-12-24,17.0,17.100000381469727,16.700000762939453,17.100000381469727
2020-12-25,17.200000762939453,18.399999618530273,17.200000762939453,18.200000762939453
2020-12-28,18.5,19.899999618530273,17.899999618530273,19.799999237060547
2020-12-29,19.899999618530273,19.899999618530273,18.0,18.299999237060547
2020-12-30,18.5,18.899999618530273,17.899999618530273,18.100000381469727
