Date,Open,High,Low,Close,return,log_return,high_return
2015-01-06,3150.0,3150.0,3150.0,3150.0,0.0,0.0,0.0
2015-01-07,3150.0,3150.0,3150.0,3150.0,0.0,0.0,0.0
2015-01-08,3150.0,3150.0,3150.0,3150.0,0.0,0.0,0.0
2015-01-09,3150.0,3150.0,3150.0,3150.0,0.0,0.0,0.0
2015-01-12,3150.0,3150.0,3150.0,3150.0,0.0,0.0,0.0
2015-01-13,3150.0,3150.0,3150.0,3150.0,0.0,0.0,0.0
2015-01-14,3150.0,3150.0,3150.0,3150.0,0.0,0.0,0.0
2015-01-15,3150.0,3150.0,3150.0,3150.0,0.0,0.0,0.0
2015-01-16,3150.0,3150.0,3150.0,3150.0,0.0,0.0,0.0
2015-01-19,3150.0,3150.0,3150.0,3150.0,0.0,0.0,0.0
2015-01-20,3150.0,3150.0,3150.0,3150.0,0.0,0.0,0.0
2015-01-21,3150.0,3150.0,3150.0,3150.0,0.0,0.0,0.0
2015-01-22,3150.0,3150.0,3150.0,3150.0,0.0,0.0,0.0
2015-01-23,3150.0,3150.0,3150.0,3150.0,0.0,0.0,0.0
2015-01-26,3150.0,3150.0,3150.0,3150.0,0.0,0.0,0.0
2015-01-27,3150.0,3150.0,3150.0,3150.0,0.0,0.0,0.0
2015-01-28,3150.0,3150.0,3150.0,3150.0,0.0,0.0,0.0
2015-01-29,3150.0,3150.0,3150.0,3150.0,0.0,0.0,0.0
2015-01-30,3150.0,3150.0,3150.0,3150.0,0.0,0.0,0.0
2015-02-02,3150.0,3150.0,3150.0,3150.0,0.0,0.0,0.0
2015-02-03,3150.0,3150.0,3150.0,3150.0,0.0,0.0,0.0
2015-02-04,3150.0,3150.0,3150.0,3150.0,0.0,0.0,0.0
2015-02-05,3150.0,3150.0,3150.0,3150.0,0.0,0.0,0.0
2015-02-06,3150.0,3150.0,3150.0,3150.0,0.0,0.0,0.0
2015-02-09,3150.0,3150.0,3150.0,3150.0,0.0,0.0,0.0
2015-02-10,3150.0,3150.0,3150.0,3150.0,0.0,0.0,0.0
2015-02-11,3150.0,3150.0,3150.0,3150.0,0.0,0.0,0.0
2015-02-12,3150.0,3150.0,3150.0,3150.0,0.0,0.0,0.0
2015-02-13,3150.0,3150.0,3150.0,3150.0,0.0,0.0,0.0
2015-02-16,3150.0,3150.0,3150.0,3150.0,0.0,0.0,0.0
2015-02-17,3150.0,3150.0,3150.0,3150.0,0.0,0.0,0.0
2015-02-18,3150.0,3150.0,3150.0,3150.0,0.0,0.0,0.0
2015-02-19,3150.0,3150.0,3150.0,3150.0,0.0,0.0,0.0
2015-02-20,3150.0,3150.0,3150.0,3150.0,0.0,0.0,0.0
2015-02-23,3150.0,3150.0,3150.0,3150.0,0.0,0.0,0.0
2015-02-24,3150.0,3150.0,3150.0,3150.0,0.0,0.0,0.0
2015-02-25,3150.0,3150.0,3150.0,3150.0,0.0,0.0,0.0
2015-02-26,3150.0,3150.0,3150.0,3150.0,0.0,0.0,0.0
2015-02-27,3150.0,3150.0,3150.0,3150.0,0.0,0.0,0.0
2015-03-02,3150.0,3150.0,3150.0,3150.0,0.0,0.0,0.0
2015-03-03,3150.0,3150.0,3150.0,3150.0,0.0,0.0,0.0
2015-03-05,3150.0,3150.0,3150.0,3150.0,0.0,0.0,0.0
2015-03-06,3150.0,3150.0,3150.0,3150.0,0.0,0.0,0.0
2015-03-09,3150.0,3150.0,3150.0,3150.0,0.0,0.0,0.0
2015-03-10,3150.0,3150.0,3150.0,3150.0,0.0,0.0,0.0
2015-03-11,3150.0,3150.0,3150.0,3150.0,0.0,0.0,0.0
2015-03-12,3150.0,3150.0,3150.0,3150.0,0.0,0.0,0.0
2015-03-13,3150.0,3150.0,3150.0,3150.0,0.0,0.0,0.0
2015-03-16,3150.0,3150.0,3150.0,3150.0,0.0,0.0,0.0
2015-03-17,3150.0,3150.0,3150.0,3150.0,0.0,0.0,0.0
2015-03-18,3150.0,3150.0,3150.0,3150.0,0.0,0.0,0.0
2015-03-19,3150.0,3150.0,3150.0,3150.0,0.0,0.0,0.0
2015-03-20,3150.0,3150.0,3150.0,3150.0,0.0,0.0,0.0
2015-03-23,3150.0,3150.0,3150.0,3150.0,0.0,0.0,0.0
2015-03-24,3150.0,3150.0,3150.0,3150.0,0.0,0.0,0.0
2015-03-25,3150.0,3150.0,3150.0,3150.0,0.0,0.0,0.0
2015-03-26,3150.0,3150.0,3150.0,3150.0,0.0,0.0,0.0
2015-03-27,3150.0,3150.0,3150.0,3150.0,0.0,0.0,0.0
2015-03-30,3150.0,3150.0,3150.0,3150.0,0.0,0.0,0.0
2015-03-31,3150.0,3150.0,3150.0,3150.0,0.0,0.0,0.0
2015-04-01,3150.0,3150.0,3150.0,3150.0,0.0,0.0,0.0
2015-04-02,3150.0,3150.0,3150.0,3150.0,0.0,0.0,0.0
2015-04-03,3150.0,3150.0,3150.0,3150.0,0.0,0.0,0.0
2015-04-07,3150.0,3150.0,3150.0,3150.0,0.0,0.0,0.0
2015-04-08,3150.0,3150.0,3150.0,3150.0,0.0,0.0,0.0
2015-04-09,3150.0,3150.0,3150.0,3150.0,0.0,0.0,0.0
2015-04-10,3150.0,3150.0,3150.0,3150.0,0.0,0.0,0.0
2015-04-16,3150.0,3150.0,3150.0,3150.0,0.0,0.0,0.0
2015-04-17,3150.0,3150.0,3150.0,3150.0,0.0,0.0,0.0
2015-04-20,3150.0,3150.0,3150.0,3150.0,0.0,0.0,0.0
2015-04-21,3150.0,3150.0,3150.0,3150.0,0.0,0.0,0.0
2015-04-22,3150.0,3150.0,3150.0,3150.0,0.0,0.0,0.0
2015-04-23,3150.0,3150.0,3150.0,3150.0,0.0,0.0,0.0
2015-04-24,3150.0,3150.0,3150.0,3150.0,0.0,0.0,0.0
2015-04-27,3150.0,3150.0,3150.0,3150.0,0.0,0.0,0.0
2015-04-28,3150.0,3150.0,3150.0,3150.0,0.0,0.0,0.0
2015-04-29,3150.0,3150.0,3150.0,3150.0,0.0,0.0,0.0
2015-04-30,3150.0,3150.0,3150.0,3150.0,0.0,0.0,0.0
2015-05-04,3150.0,3150.0,3150.0,3150.0,0.0,0.0,0.0
2015-05-06,3150.0,3150.0,3150.0,3150.0,0.0,0.0,0.0
2015-05-07,3150.0,3150.0,3150.0,3150.0,0.0,0.0,0.0
2015-05-08,3150.0,3150.0,3150.0,3150.0,0.0,0.0,0.0
2015-05-11,3150.0,3150.0,3150.0,3150.0,0.0,0.0,0.0
2015-05-12,3150.0,3150.0,3150.0,3150.0,0.0,0.0,0.0
2015-05-13,3150.0,3150.0,3150.0,3150.0,0.0,0.0,0.0
2015-05-14,3150.0,3150.0,3150.0,3150.0,0.0,0.0,0.0
2015-05-15,3150.0,3150.0,3150.0,3150.0,0.0,0.0,0.0
2015-05-18,3150.0,3150.0,3150.0,3150.0,0.0,0.0,0.0
2015-05-19,3150.0,3150.0,3150.0,3150.0,0.0,0.0,0.0
2015-05-20,3150.0,3150.0,3150.0,3150.0,0.0,0.0,0.0
2015-05-21,3150.0,3150.0,3150.0,3150.0,0.0,0.0,0.0
2015-05-22,3150.0,3150.0,3150.0,3150.0,0.0,0.0,0.0
2015-05-25,3150.0,3150.0,3150.0,3150.0,0.0,0.0,0.0
2015-05-26,3150.0,3150.0,3150.0,3150.0,0.0,0.0,0.0
2015-05-27,3150.0,3150.0,3150.0,3150.0,0.0,0.0,0.0
2015-05-28,3150.0,3150.0,3150.0,3150.0,0.0,0.0,0.0
2015-05-29,3150.0,3150.0,3150.0,3150.0,0.0,0.0,0.0
2015-06-02,3150.0,3150.0,3150.0,3150.0,0.0,0.0,0.0
2015-06-03,3150.0,3150.0,3150.0,3150.0,0.0,0.0,0.0
2015-06-04,3150.0,3150.0,3150.0,3150.0,0.0,0.0,0.0
2015-06-05,3150.0,3150.0,3150.0,3150.0,0.0,0.0,0.0
2015-06-08,3150.0,3150.0,3150.0,3150.0,0.0,0.0,0.0
2015-06-09,3150.0,3150.0,3150.0,3150.0,0.0,0.0,0.0
2015-06-10,3150.0,3150.0,3150.0,3150.0,0.0,0.0,0.0
2015-06-11,3150.0,3150.0,3150.0,3150.0,0.0,0.0,0.0
2015-06-12,3150.0,3150.0,3150.0,3150.0,0.0,0.0,0.0
2015-06-15,3150.0,3150.0,3150.0,3150.0,0.0,0.0,0.0
2015-06-16,3150.0,3150.0,3150.0,3150.0,0.0,0.0,0.0
2015-06-17,3150.0,3150.0,3150.0,3150.0,0.0,0.0,0.0
2015-06-18,3150.0,3150.0,3150.0,3150.0,0.0,0.0,0.0
2015-06-19,3150.0,3150.0,3150.0,3150.0,0.0,0.0,0.0
2015-06-22,3150.0,3150.0,3150.0,3150.0,0.0,0.0,0.0
2015-06-23,3150.0,3150.0,3150.0,3150.0,0.0,0.0,0.0
2015-06-24,3150.0,3150.0,3150.0,3150.0,0.0,0.0,0.0
2015-06-25,3150.0,3150.0,3150.0,3150.0,0.0,0.0,0.0
2015-06-26,3150.0,3150.0,3150.0,3150.0,0.0,0.0,0.0
2015-06-29,3150.0,3150.0,3150.0,3150.0,0.0,0.0,0.0
2015-06-30,3150.0,3150.0,3150.0,3150.0,0.0,0.0,0.0
2015-07-02,3150.0,3150.0,3150.0,3150.0,0.0,0.0,0.0
2015-07-03,3150.0,3150.0,3150.0,3150.0,0.0,0.0,0.0
2015-07-06,3150.0,3150.0,3150.0,3150.0,0.0,0.0,0.0
2015-07-07,3150.0,3150.0,3150.0,3150.0,0.0,0.0,0.0
2015-07-08,3150.0,3150.0,3150.0,3150.0,0.0,0.0,0.0
2015-07-09,3150.0,3150.0,3150.0,3150.0,0.0,0.0,0.0
2015-07-10,3150.0,3150.0,3150.0,3150.0,0.0,0.0,0.0
2015-07-13,3150.0,3150.0,3150.0,3150.0,0.0,0.0,0.0
2015-07-14,3150.0,3150.0,3150.0,3150.0,0.0,0.0,0.0
2015-07-15,3150.0,3150.0,3150.0,3150.0,0.0,0.0,0.0
2015-07-16,3150.0,3150.0,3150.0,3150.0,0.0,0.0,0.0
2015-07-17,3150.0,3150.0,3150.0,3150.0,0.0,0.0,0.0
2015-07-20,3150.0,3150.0,3150.0,3150.0,0.0,0.0,0.0
2015-07-21,3150.0,3150.0,3150.0,3150.0,0.0,0.0,0.0
2015-07-22,3150.0,3150.0,3150.0,3150.0,0.0,0.0,0.0
2015-07-23,3150.0,3150.0,3150.0,3150.0,0.0,0.0,0.0
2015-07-24,3150.0,3150.0,3150.0,3150.0,0.0,0.0,0.0
2015-07-27,3150.0,3150.0,3150.0,3150.0,0.0,0.0,0.0
2015-07-28,3150.0,3150.0,3150.0,3150.0,0.0,0.0,0.0
2015-07-29,3150.0,3150.0,3150.0,3150.0,0.0,0.0,0.0
2015-07-31,3150.0,3150.0,3150.0,3150.0,0.0,0.0,0.0
2015-08-03,3150.0,3150.0,3150.0,3150.0,0.0,0.0,0.0
2015-08-04,3150.0,3150.0,3150.0,3150.0,0.0,0.0,0.0
2015-08-05,3150.0,3150.0,3150.0,3150.0,0.0,0.0,0.0
2015-08-06,3150.0,3150.0,3150.0,3150.0,0.0,0.0,0.0
2015-08-07,3150.0,3150.0,3150.0,3150.0,0.0,0.0,0.0
2015-08-10,3150.0,3150.0,3150.0,3150.0,0.0,0.0,0.0
2015-08-11,3150.0,3150.0,3150.0,3150.0,0.0,0.0,0.0
2015-08-13,3150.0,3150.0,3150.0,3150.0,0.0,0.0,0.0
2015-08-14,3150.0,3150.0,3150.0,3150.0,0.0,0.0,0.0
2015-08-17,3150.0,3150.0,3150.0,3150.0,0.0,0.0,0.0
2015-08-18,3150.0,3150.0,3150.0,3150.0,0.0,0.0,0.0
2015-08-19,3150.0,3150.0,3150.0,3150.0,0.0,0.0,0.0
2015-08-20,3150.0,3150.0,3150.0,3150.0,0.0,0.0,0.0
2015-08-21,3150.0,3150.0,3150.0,3150.0,0.0,0.0,0.0
2015-08-24,3150.0,3150.0,3150.0,3150.0,0.0,0.0,0.0
2015-08-25,3150.0,3150.0,3150.0,3150.0,0.0,0.0,0.0
2015-08-26,3150.0,3150.0,3150.0,3150.0,0.0,0.0,0.0
2015-08-27,3150.0,3150.0,3150.0,3150.0,0.0,0.0,0.0
2015-08-28,3150.0,3150.0,3150.0,3150.0,0.0,0.0,0.0
2015-08-31,3150.0,3150.0,3150.0,3150.0,0.0,0.0,0.0
2015-09-01,3150.0,3150.0,3150.0,3150.0,0.0,0.0,0.0
2015-09-02,3150.0,3150.0,3150.0,3150.0,0.0,0.0,0.0
2015-09-03,3150.0,3150.0,3150.0,3150.0,0.0,0.0,0.0
2015-09-04,3150.0,3150.0,3150.0,3150.0,0.0,0.0,0.0
2015-09-07,3150.0,3150.0,3150.0,3150.0,0.0,0.0,0.0
2015-09-08,3150.0,3150.0,3150.0,3150.0,0.0,0.0,0.0
2015-09-09,3150.0,3150.0,3150.0,3150.0,0.0,0.0,0.0
2015-09-10,3150.0,3150.0,3150.0,3150.0,0.0,0.0,0.0
2015-09-11,3150.0,3150.0,3150.0,3150.0,0.0,0.0,0.0
2015-09-14,3150.0,3150.0,3150.0,3150.0,0.0,0.0,0.0
2015-09-15,3150.0,3150.0,3150.0,3150.0,0.0,0.0,0.0
2015-09-16,3150.0,3150.0,3150.0,3150.0,0.0,0.0,0.0
2015-09-17,3150.0,3150.0,3150.0,3150.0,0.0,0.0,0.0
2015-09-18,3150.0,3150.0,3150.0,3150.0,0.0,0.0,0.0
2015-09-21,3150.0,3150.0,3150.0,3150.0,0.0,0.0,0.0
2015-09-22,3150.0,3150.0,3150.0,3150.0,0.0,0.0,0.0
2015-09-23,3150.0,3150.0,3150.0,3150.0,0.0,0.0,0.0
2015-09-24,3150.0,3150.0,3150.0,3150.0,0.0,0.0,0.0
2015-09-25,3150.0,3150.0,3150.0,3150.0,0.0,0.0,0.0
2015-09-28,3150.0,3150.0,3150.0,3150.0,0.0,0.0,0.0
2015-09-29,3150.0,3150.0,3150.0,3150.0,0.0,0.0,0.0
2015-09-30,3150.0,3150.0,3150.0,3150.0,0.0,0.0,0.0
2015-10-01,3150.0,3150.0,3150.0,3150.0,0.0,0.0,0.0
2015-10-02,3150.0,3150.0,3150.0,3150.0,0.0,0.0,0.0
2015-10-05,3150.0,3150.0,3150.0,3150.0,0.0,0.0,0.0
2015-10-06,3150.0,3150.0,3150.0,3150.0,0.0,0.0,0.0
2015-10-07,3150.0,3150.0,3150.0,3150.0,0.0,0.0,0.0
2015-10-08,3150.0,3150.0,3150.0,3150.0,0.0,0.0,0.0
2015-10-09,3150.0,3150.0,3150.0,3150.0,0.0,0.0,0.0
2015-10-12,3150.0,3150.0,3150.0,3150.0,0.0,0.0,0.0
2015-10-13,3150.0,3150.0,3150.0,3150.0,0.0,0.0,0.0
2015-10-14,3150.0,3150.0,3150.0,3150.0,0.0,0.0,0.0
2015-10-15,3150.0,3150.0,3150.0,3150.0,0.0,0.0,0.0
2015-10-16,3150.0,3150.0,3150.0,3150.0,0.0,0.0,0.0
2015-10-19,3150.0,3150.0,3150.0,3150.0,0.0,0.0,0.0
2015-10-20,3150.0,3150.0,3150.0,3150.0,0.0,0.0,0.0
2015-10-21,3150.0,3150.0,3150.0,3150.0,0.0,0.0,0.0
2015-10-22,3150.0,3150.0,3150.0,3150.0,0.0,0.0,0.0
2015-10-26,3150.0,3150.0,3150.0,3150.0,0.0,0.0,0.0
2015-10-27,3150.0,3150.0,3150.0,3150.0,0.0,0.0,0.0
2015-10-28,3150.0,3150.0,3150.0,3150.0,0.0,0.0,0.0
2015-10-29,3150.0,3150.0,3150.0,3150.0,0.0,0.0,0.0
2015-10-30,3150.0,3150.0,3150.0,3150.0,0.0,0.0,0.0
2015-11-02,3150.0,3150.0,3150.0,3150.0,0.0,0.0,0.0
2015-11-03,3150.0,3150.0,3150.0,3150.0,0.0,0.0,0.0
2015-11-04,3150.0,3150.0,3150.0,3150.0,0.0,0.0,0.0
2015-11-05,3150.0,3150.0,3150.0,3150.0,0.0,0.0,0.0
2015-11-06,3150.0,3150.0,3150.0,3150.0,0.0,0.0,0.0
2015-11-09,3150.0,3150.0,3150.0,3150.0,0.0,0.0,0.0
2015-11-10,3150.0,3150.0,3150.0,3150.0,0.0,0.0,0.0
2015-11-11,3150.0,3150.0,3150.0,3150.0,0.0,0.0,0.0
2015-11-12,3150.0,3150.0,3150.0,3150.0,0.0,0.0,0.0
2015-11-13,3150.0,3150.0,3150.0,3150.0,0.0,0.0,0.0
2015-11-16,3150.0,3150.0,3150.0,3150.0,0.0,0.0,0.0
2015-11-17,3150.0,3150.0,3150.0,3150.0,0.0,0.0,0.0
2015-11-18,3150.0,3150.0,3150.0,3150.0,0.0,0.0,0.0
2015-11-19,3150.0,3150.0,3150.0,3150.0,0.0,0.0,0.0
2015-11-20,3150.0,3150.0,3150.0,3150.0,0.0,0.0,0.0
2015-11-23,3150.0,3150.0,3150.0,3150.0,0.0,0.0,0.0
2015-11-24,3150.0,3150.0,3150.0,3150.0,0.0,0.0,0.0
2015-11-25,3150.0,3150.0,3150.0,3150.0,0.0,0.0,0.0
2015-11-26,3150.0,3150.0,3150.0,3150.0,0.0,0.0,0.0
2015-11-27,3150.0,3150.0,3150.0,3150.0,0.0,0.0,0.0
2015-11-30,3150.0,3150.0,3150.0,3150.0,0.0,0.0,0.0
2015-12-01,3150.0,3150.0,3150.0,3150.0,0.0,0.0,0.0
2015-12-02,3150.0,3150.0,3150.0,3150.0,0.0,0.0,0.0
2015-12-03,3150.0,3150.0,3150.0,3150.0,0.0,0.0,0.0
2015-12-04,3150.0,3150.0,3150.0,3150.0,0.0,0.0,0.0
2015-12-08,3150.0,3150.0,3150.0,3150.0,0.0,0.0,0.0
2015-12-09,3150.0,3150.0,3150.0,3150.0,0.0,0.0,0.0
2015-12-11,3150.0,3150.0,3150.0,3150.0,0.0,0.0,0.0
2015-12-14,3150.0,3150.0,3150.0,3150.0,0.0,0.0,0.0
2015-12-15,3150.0,3150.0,3150.0,3150.0,0.0,0.0,0.0
2015-12-16,3150.0,3150.0,3150.0,3150.0,0.0,0.0,0.0
2015-12-17,3150.0,3150.0,3150.0,3150.0,0.0,0.0,0.0
2015-12-18,3150.0,3150.0,3150.0,3150.0,0.0,0.0,0.0
2015-12-21,3150.0,3150.0,3150.0,3150.0,0.0,0.0,0.0
2015-12-22,3150.0,3150.0,3150.0,3150.0,0.0,0.0,0.0
2015-12-23,3150.0,3150.0,3150.0,3150.0,0.0,0.0,0.0
2015-12-24,3150.0,3150.0,3150.0,3150.0,0.0,0.0,0.0
2015-12-25,3150.0,3150.0,3150.0,3150.0,0.0,0.0,0.0
2015-12-28,3150.0,3150.0,3150.0,3150.0,0.0,0.0,0.0
2015-12-29,3150.0,3150.0,3150.0,3150.0,0.0,0.0,0.0
2015-12-30,3150.0,3150.0,3150.0,3150.0,0.0,0.0,0.0
2016-01-04,3150.0,3150.0,3150.0,3150.0,0.0,0.0,0.0
2016-01-05,3150.0,3150.0,3150.0,3150.0,0.0,0.0,0.0
2016-01-06,3150.0,3150.0,3150.0,3150.0,0.0,0.0,0.0
2016-01-07,3150.0,3150.0,3150.0,3150.0,0.0,0.0,0.0
2016-01-08,3150.0,3150.0,3150.0,3150.0,0.0,0.0,0.0
2016-01-11,3150.0,3150.0,3150.0,3150.0,0.0,0.0,0.0
2016-01-12,3150.0,3150.0,3150.0,3150.0,0.0,0.0,0.0
2016-01-13,3150.0,3150.0,3150.0,3150.0,0.0,0.0,0.0
2016-01-14,3150.0,3150.0,3150.0,3150.0,0.0,0.0,0.0
2016-01-15,3150.0,3150.0,3150.0,3150.0,0.0,0.0,0.0
2016-01-18,3150.0,3150.0,3150.0,3150.0,0.0,0.0,0.0
2016-01-19,3150.0,3150.0,3150.0,3150.0,0.0,0.0,0.0
2016-01-20,3150.0,3150.0,3150.0,3150.0,0.0,0.0,0.0
2016-01-21,3150.0,3150.0,3150.0,3150.0,0.0,0.0,0.0
2016-01-22,3150.0,3150.0,3150.0,3150.0,0.0,0.0,0.0
2016-01-25,3150.0,3150.0,3150.0,3150.0,0.0,0.0,0.0
2016-01-26,3150.0,3150.0,3150.0,3150.0,0.0,0.0,0.0
2016-01-27,3150.0,3150.0,3150.0,3150.0,0.0,0.0,0.0
2016-01-28,3150.0,3150.0,3150.0,3150.0,0.0,0.0,0.0
2016-01-29,3150.0,3150.0,3150.0,3150.0,0.0,0.0,0.0
2016-02-01,3150.0,3150.0,3150.0,3150.0,0.0,0.0,0.0
2016-02-02,3150.0,3150.0,3150.0,3150.0,0.0,0.0,0.0
2016-02-03,3150.0,3150.0,3150.0,3150.0,0.0,0.0,0.0
2016-02-04,3150.0,3150.0,3150.0,3150.0,0.0,0.0,0.0
2016-02-05,3150.0,3150.0,3150.0,3150.0,0.0,0.0,0.0
2016-02-08,3150.0,3150.0,3150.0,3150.0,0.0,0.0,0.0
2016-02-09,3150.0,3150.0,3150.0,3150.0,0.0,0.0,0.0
2016-02-10,3150.0,3150.0,3150.0,3150.0,0.0,0.0,0.0
2016-02-11,3150.0,3150.0,3150.0,3150.0,0.0,0.0,0.0
2016-02-12,3150.0,3150.0,3150.0,3150.0,0.0,0.0,0.0
2016-02-15,3150.0,3150.0,3150.0,3150.0,0.0,0.0,0.0
2016-02-16,3150.0,3150.0,3150.0,3150.0,0.0,0.0,0.0
2016-02-17,3150.0,3150.0,3150.0,3150.0,0.0,0.0,0.0
2016-02-18,3150.0,3150.0,3150.0,3150.0,0.0,0.0,0.0
2016-02-19,3150.0,3150.0,3150.0,3150.0,0.0,0.0,0.0
2016-02-23,3150.0,3150.0,3150.0,3150.0,0.0,0.0,0.0
2016-02-24,3150.0,3150.0,3150.0,3150.0,0.0,0.0,0.0
2016-02-25,3150.0,3150.0,3150.0,3150.0,0.0,0.0,0.0
2016-02-26,3150.0,3150.0,3150.0,3150.0,0.0,0.0,0.0
2016-02-29,3150.0,3150.0,3150.0,3150.0,0.0,0.0,0.0
2016-03-01,3150.0,3150.0,3150.0,3150.0,0.0,0.0,0.0
2016-03-02,3150.0,3150.0,3150.0,3150.0,0.0,0.0,0.0
2016-03-03,3150.0,3150.0,3150.0,3150.0,0.0,0.0,0.0
2016-03-04,3150.0,3150.0,3150.0,3150.0,0.0,0.0,0.0
2016-03-07,3150.0,3150.0,3150.0,3150.0,0.0,0.0,0.0
2016-03-08,3150.0,3150.0,3150.0,3150.0,0.0,0.0,0.0
2016-03-09,3150.0,3150.0,3150.0,3150.0,0.0,0.0,0.0
2016-03-10,3150.0,3150.0,3150.0,3150.0,0.0,0.0,0.0
2016-03-11,3150.0,3150.0,3150.0,3150.0,0.0,0.0,0.0
2016-03-14,3150.0,3150.0,3150.0,3150.0,0.0,0.0,0.0
2016-03-15,3150.0,3150.0,3150.0,3150.0,0.0,0.0,0.0
2016-03-16,3150.0,3150.0,3150.0,3150.0,0.0,0.0,0.0
2016-03-17,3150.0,3150.0,3150.0,3150.0,0.0,0.0,0.0
2016-03-18,3150.0,3150.0,3150.0,3150.0,0.0,0.0,0.0
2016-03-21,3150.0,3150.0,3150.0,3150.0,0.0,0.0,0.0
2016-03-22,3150.0,3150.0,3150.0,3150.0,0.0,0.0,0.0
2016-03-23,3150.0,3150.0,3150.0,3150.0,0.0,0.0,0.0
2016-03-24,3150.0,3150.0,3150.0,3150.0,0.0,0.0,0.0
2016-03-25,3150.0,3150.0,3150.0,3150.0,0.0,0.0,0.0
2016-03-28,3150.0,3150.0,3150.0,3150.0,0.0,0.0,0.0
2016-03-29,3150.0,3150.0,3150.0,3150.0,0.0,0.0,0.0
2016-03-30,3150.0,3150.0,3150.0,3150.0,0.0,0.0,0.0
2016-03-31,3150.0,3150.0,3150.0,3150.0,0.0,0.0,0.0
2016-04-01,3150.0,3150.0,3150.0,3150.0,0.0,0.0,0.0
2016-04-04,3150.0,3150.0,3150.0,3150.0,0.0,0.0,0.0
2016-04-05,3150.0,3150.0,3150.0,3150.0,0.0,0.0,0.0
2016-04-07,3150.0,3150.0,3150.0,3150.0,0.0,0.0,0.0
2016-04-08,3150.0,3150.0,3150.0,3150.0,0.0,0.0,0.0
2016-04-11,3150.0,3150.0,3150.0,3150.0,0.0,0.0,0.0
2016-04-12,3150.0,3150.0,3150.0,3150.0,0.0,0.0,0.0
2016-04-18,3150.0,3150.0,3150.0,3150.0,0.0,0.0,0.0
2016-04-19,3150.0,3150.0,3150.0,3150.0,0.0,0.0,0.0
2016-04-20,3150.0,3150.0,3150.0,3150.0,0.0,0.0,0.0
2016-04-21,3150.0,3150.0,3150.0,3150.0,0.0,0.0,0.0
2016-04-22,3150.0,3150.0,3150.0,3150.0,0.0,0.0,0.0
2016-04-25,3150.0,3150.0,3150.0,3150.0,0.0,0.0,0.0
2016-04-26,3150.0,3150.0,3150.0,3150.0,0.0,0.0,0.0
2016-04-27,3150.0,3150.0,3150.0,3150.0,0.0,0.0,0.0
2016-04-28,3150.0,3150.0,3150.0,3150.0,0.0,0.0,0.0
2016-04-29,3150.0,3150.0,3150.0,3150.0,0.0,0.0,0.0
2016-05-03,3150.0,3150.0,3150.0,3150.0,0.0,0.0,0.0
2016-05-04,3150.0,3150.0,3150.0,3150.0,0.0,0.0,0.0
2016-05-09,3150.0,3150.0,3150.0,3150.0,0.0,0.0,0.0
2016-05-10,3150.0,3150.0,3150.0,3150.0,0.0,0.0,0.0
2016-05-11,3150.0,3150.0,3150.0,3150.0,0.0,0.0,0.0
2016-05-12,3150.0,3150.0,3150.0,3150.0,0.0,0.0,0.0
2016-05-13,3150.0,3150.0,3150.0,3150.0,0.0,0.0,0.0
2016-05-16,3150.0,3150.0,3150.0,3150.0,0.0,0.0,0.0
2016-05-17,3150.0,3150.0,3150.0,3150.0,0.0,0.0,0.0
2016-05-18,3150.0,3150.0,3150.0,3150.0,0.0,0.0,0.0
2016-05-19,3150.0,3150.0,3150.0,3150.0,0.0,0.0,0.0
2016-05-23,3150.0,3150.0,3150.0,3150.0,0.0,0.0,0.0
2016-05-24,3150.0,3150.0,3150.0,3150.0,0.0,0.0,0.0
2016-05-25,3150.0,3150.0,3150.0,3150.0,0.0,0.0,0.0
2016-05-26,3150.0,3150.0,3150.0,3150.0,0.0,0.0,0.0
2016-05-27,3150.0,3150.0,3150.0,3150.0,0.0,0.0,0.0
2016-05-30,3150.0,3150.0,3150.0,3150.0,0.0,0.0,0.0
2016-05-31,3150.0,3150.0,3150.0,3150.0,0.0,0.0,0.0
2016-06-01,3150.0,3150.0,3150.0,3150.0,0.0,0.0,0.0
2016-06-02,3150.0,3150.0,3150.0,3150.0,0.0,0.0,0.0
2016-06-03,3150.0,3150.0,3150.0,3150.0,0.0,0.0,0.0
2016-06-06,3150.0,3150.0,3150.0,3150.0,0.0,0.0,0.0
2016-06-07,3150.0,3150.0,3150.0,3150.0,0.0,0.0,0.0
2016-06-08,3150.0,3150.0,3150.0,3150.0,0.0,0.0,0.0
2016-06-09,3150.0,3150.0,3150.0,3150.0,0.0,0.0,0.0
2016-06-10,3150.0,3150.0,3150.0,3150.0,0.0,0.0,0.0
2016-06-13,3150.0,3150.0,3150.0,3150.0,0.0,0.0,0.0
2016-06-14,3150.0,3150.0,3150.0,3150.0,0.0,0.0,0.0
2016-06-15,3150.0,3150.0,3150.0,3150.0,0.0,0.0,0.0
2016-06-16,3150.0,3150.0,3150.0,3150.0,0.0,0.0,0.0
2016-06-17,3150.0,3150.0,3150.0,3150.0,0.0,0.0,0.0
2016-06-20,3150.0,3150.0,3150.0,3150.0,0.0,0.0,0.0
2016-06-21,3150.0,3150.0,3150.0,3150.0,0.0,0.0,0.0
2016-06-22,3150.0,3150.0,3150.0,3150.0,0.0,0.0,0.0
2016-06-23,3150.0,3150.0,3150.0,3150.0,0.0,0.0,0.0
2016-06-24,3150.0,3150.0,3150.0,3150.0,0.0,0.0,0.0
2016-06-27,3150.0,3150.0,3150.0,3150.0,0.0,0.0,0.0
2016-06-28,3150.0,3150.0,3150.0,3150.0,0.0,0.0,0.0
2016-06-29,3150.0,3150.0,3150.0,3150.0,0.0,0.0,0.0
2016-06-30,3150.0,3150.0,3150.0,3150.0,0.0,0.0,0.0
2016-07-04,3150.0,3150.0,3150.0,3150.0,0.0,0.0,0.0
2016-07-05,3150.0,3150.0,3150.0,3150.0,0.0,0.0,0.0
2016-07-06,3150.0,3150.0,3150.0,3150.0,0.0,0.0,0.0
2016-07-07,3150.0,3150.0,3150.0,3150.0,0.0,0.0,0.0
2016-07-08,3150.0,3150.0,3150.0,3150.0,0.0,0.0,0.0
2016-07-11,3150.0,3150.0,3150.0,3150.0,0.0,0.0,0.0
2016-07-12,3150.0,3150.0,3150.0,3150.0,0.0,0.0,0.0
2016-07-13,3150.0,3150.0,3150.0,3150.0,0.0,0.0,0.0
2016-07-14,3150.0,3150.0,3150.0,3150.0,0.0,0.0,0.0
2016-07-15,3150.0,3150.0,3150.0,3150.0,0.0,0.0,0.0
2016-07-20,3150.0,3150.0,3150.0,3150.0,0.0,0.0,0.0
2016-07-21,3150.0,3150.0,3150.0,3150.0,0.0,0.0,0.0
2016-07-22,3150.0,3150.0,3150.0,3150.0,0.0,0.0,0.0
2016-07-25,3150.0,3150.0,3150.0,3150.0,0.0,0.0,0.0
2016-07-26,3150.0,3150.0,3150.0,3150.0,0.0,0.0,0.0
2016-07-27,3150.0,3150.0,3150.0,3150.0,0.0,0.0,0.0
2016-07-28,3150.0,3150.0,3150.0,3150.0,0.0,0.0,0.0
2016-07-29,3150.0,3150.0,3150.0,3150.0,0.0,0.0,0.0
2016-08-01,3150.0,3150.0,3150.0,3150.0,0.0,0.0,0.0
2016-08-02,3150.0,3150.0,3150.0,3150.0,0.0,0.0,0.0
2016-08-03,3150.0,3150.0,3150.0,3150.0,0.0,0.0,0.0
2016-08-04,3150.0,3150.0,3150.0,3150.0,0.0,0.0,0.0
2016-08-05,3150.0,3150.0,3150.0,3150.0,0.0,0.0,0.0
2016-08-08,3150.0,3150.0,3150.0,3150.0,0.0,0.0,0.0
2016-08-09,3150.0,3150.0,3150.0,3150.0,0.0,0.0,0.0
2016-08-10,3150.0,3150.0,3150.0,3150.0,0.0,0.0,0.0
2016-08-11,3150.0,3150.0,3150.0,3150.0,0.0,0.0,0.0
2016-08-15,3150.0,3150.0,3150.0,3150.0,0.0,0.0,0.0
2016-08-16,3150.0,3150.0,3150.0,3150.0,0.0,0.0,0.0
2016-08-17,3150.0,3150.0,3150.0,3150.0,0.0,0.0,0.0
2016-08-18,3150.0,3150.0,3150.0,3150.0,0.0,0.0,0.0
2016-08-19,3150.0,3150.0,3150.0,3150.0,0.0,0.0,0.0
2016-08-22,3150.0,3150.0,3150.0,3150.0,0.0,0.0,0.0
2016-08-23,3150.0,3150.0,3150.0,3150.0,0.0,0.0,0.0
2016-08-24,3150.0,3150.0,3150.0,3150.0,0.0,0.0,0.0
2016-08-25,3150.0,3150.0,3150.0,3150.0,0.0,0.0,0.0
2016-08-26,3150.0,3150.0,3150.0,3150.0,0.0,0.0,0.0
2016-08-29,3150.0,3150.0,3150.0,3150.0,0.0,0.0,0.0
2016-08-30,3150.0,3150.0,3150.0,3150.0,0.0,0.0,0.0
2016-08-31,3150.0,3150.0,3150.0,3150.0,0.0,0.0,0.0
2016-09-01,3150.0,3150.0,3150.0,3150.0,0.0,0.0,0.0
2016-09-02,3150.0,3150.0,3150.0,3150.0,0.0,0.0,0.0
2016-09-05,3150.0,3150.0,3150.0,3150.0,0.0,0.0,0.0
2016-09-06,3150.0,3150.0,3150.0,3150.0,0.0,0.0,0.0
2016-09-07,246.0,246.0,246.0,246.0,-0.9219047619047619,-2.549826195887316,-0.9219047619047619
2016-09-08,306.0,306.0,306.0,306.0,0.24390243902439024,0.21825356602001797,0.24390243902439024
2016-09-09,306.0,306.0,306.0,306.0,0.0,0.0,0.0
2016-09-12,306.0,306.0,306.0,306.0,0.0,0.0,0.0
2016-09-13,306.0,306.0,306.0,306.0,0.0,0.0,0.0
2016-09-14,306.0,306.0,306.0,306.0,0.0,0.0,0.0
2016-09-15,306.0,306.0,306.0,306.0,0.0,0.0,0.0
2016-09-16,306.0,306.0,276.0,276.0,-0.09803921568627451,-0.10318423623523075,0.0
2016-09-19,276.0,276.0,276.0,276.0,0.0,0.0,0.0
2016-09-20,276.0,276.0,276.0,276.0,0.0,0.0,0.0
2016-09-21,276.0,276.0,276.0,276.0,0.0,0.0,0.0
2016-09-22,276.0,276.0,276.0,276.0,0.0,0.0,0.0
2016-09-23,276.0,276.0,276.0,276.0,0.0,0.0,0.0
2016-09-26,276.0,276.0,276.0,276.0,0.0,0.0,0.0
2016-09-27,276.0,300.0,276.0,280.0,0.014492753623188406,0.01438873745209967,0.08695652173913043
2016-09-28,280.0,280.0,278.0,280.0,0.0,0.0,0.0
2016-09-29,300.0,300.0,300.0,300.0,0.07142857142857142,0.06899287148695142,0.07142857142857142
2016-09-30,300.0,300.0,280.0,280.0,-0.06666666666666667,-0.06899287148695143,0.0
2016-10-03,280.0,280.0,280.0,280.0,0.0,0.0,0.0
2016-10-04,280.0,280.0,260.0,260.0,-0.07142857142857142,-0.07410797215372185,0.0
2016-10-05,260.0,260.0,260.0,260.0,0.0,0.0,0.0
2016-10-06,276.0,276.0,276.0,276.0,0.06153846153846154,0.05971923470162228,0.06153846153846154
2016-10-07,276.0,276.0,276.0,276.0,0.0,0.0,0.0
2016-10-10,276.0,290.0,276.0,290.0,0.050724637681159424,0.049480057263369716,0.050724637681159424
2016-10-11,290.0,290.0,290.0,290.0,0.0,0.0,0.0
2016-10-12,290.0,290.0,290.0,290.0,0.0,0.0,0.0
2016-10-13,290.0,290.0,290.0,290.0,0.0,0.0,0.0
2016-10-14,290.0,290.0,290.0,290.0,0.0,0.0,0.0
2016-10-17,290.0,290.0,290.0,290.0,0.0,0.0,0.0
2016-10-18,290.0,290.0,290.0,290.0,0.0,0.0,0.0
2016-10-19,290.0,290.0,290.0,290.0,0.0,0.0,0.0
2016-10-20,290.0,290.0,290.0,290.0,0.0,0.0,0.0
2016-10-21,290.0,290.0,290.0,290.0,0.0,0.0,0.0
2016-10-25,280.0,280.0,280.0,280.0,-0.034482758620689655,-0.03509131981127006,-0.034482758620689655
2016-10-26,280.0,280.0,280.0,280.0,0.0,0.0,0.0
2016-10-27,280.0,280.0,280.0,280.0,0.0,0.0,0.0
2016-10-28,280.0,280.0,280.0,280.0,0.0,0.0,0.0
2016-10-31,280.0,280.0,280.0,280.0,0.0,0.0,0.0
2016-11-01,280.0,280.0,280.0,280.0,0.0,0.0,0.0
2016-11-02,280.0,280.0,280.0,280.0,0.0,0.0,0.0
2016-11-03,280.0,280.0,280.0,280.0,0.0,0.0,0.0
2016-11-04,280.0,280.0,280.0,280.0,0.0,0.0,0.0
2016-11-07,280.0,280.0,280.0,280.0,0.0,0.0,0.0
2016-11-08,280.0,280.0,280.0,280.0,0.0,0.0,0.0
2016-11-09,280.0,280.0,280.0,280.0,0.0,0.0,0.0
2016-11-10,280.0,280.0,280.0,280.0,0.0,0.0,0.0
2016-11-11,280.0,280.0,280.0,280.0,0.0,0.0,0.0
2016-11-14,280.0,280.0,280.0,280.0,0.0,0.0,0.0
2016-11-15,280.0,280.0,280.0,280.0,0.0,0.0,0.0
2016-11-16,280.0,346.0,280.0,346.0,0.2357142857142857,0.21164917188847468,0.2357142857142857
2016-11-17,346.0,374.0,346.0,366.0,0.057803468208092484,0.05619455834364207,0.08092485549132948
2016-11-18,366.0,368.0,352.0,368.0,0.00546448087431694,0.005449604767564685,0.00546448087431694
2016-11-21,368.0,368.0,332.0,334.0,-0.09239130434782608,-0.09694194519223047,0.0
2016-11-22,338.0,338.0,338.0,338.0,0.011976047904191617,0.011904902506318458,0.011976047904191617
2016-11-23,342.0,398.0,342.0,380.0,0.1242603550295858,0.11712535723741264,0.17751479289940827
2016-11-24,382.0,394.0,378.0,390.0,0.02631578947368421,0.025975486403260736,0.03684210526315789
2016-11-25,390.0,392.0,388.0,390.0,0.0,0.0,0.005128205128205128
2016-11-28,390.0,390.0,390.0,390.0,0.0,0.0,0.0
2016-11-29,390.0,394.0,386.0,392.0,0.005128205128205128,0.005115100666770409,0.010256410256410256
2016-11-30,392.0,416.0,390.0,416.0,0.061224489795918366,0.059423420470800806,0.061224489795918366
2016-12-01,416.0,456.0,416.0,456.0,0.09615384615384616,0.09180754925312289,0.09615384615384616
2016-12-02,456.0,498.0,452.0,496.0,0.08771929824561403,0.08408311721054144,0.09210526315789473
2016-12-06,635.0,640.0,560.0,560.0,0.12903225806451613,0.12136085700426753,0.2903225806451613
2016-12-07,505.0,540.0,505.0,505.0,-0.09821428571428571,-0.10337835445383507,-0.03571428571428571
2016-12-08,500.0,500.0,474.0,488.0,-0.033663366336633666,-0.03424302342221268,-0.009900990099009901
2016-12-09,488.0,510.0,474.0,474.0,-0.028688524590163935,-0.029108084158070657,0.045081967213114756
2016-12-13,474.0,488.0,470.0,484.0,0.02109704641350211,0.02087758502155518,0.029535864978902954
2016-12-14,482.0,484.0,482.0,484.0,0.0,0.0,0.0
2016-12-15,476.0,476.0,440.0,440.0,-0.09090909090909091,-0.0953101798043249,-0.01652892561983471
2016-12-16,440.0,470.0,400.0,402.0,-0.08636363636363636,-0.09032263829328573,0.06818181818181818
2016-12-19,382.0,462.0,362.0,448.0,0.11442786069651742,0.10834114379596413,0.14925373134328357
2016-12-20,448.0,452.0,408.0,450.0,0.004464285714285714,0.004454350349380375,0.008928571428571428
2016-12-21,450.0,450.0,430.0,448.0,-0.0044444444444444444,-0.004454350349380309,0.0
2016-12-22,428.0,448.0,428.0,448.0,0.0,0.0,0.0
2016-12-23,430.0,446.0,430.0,446.0,-0.004464285714285714,-0.004474280394921077,-0.004464285714285714
2016-12-26,430.0,446.0,430.0,446.0,0.0,0.0,0.0
2016-12-27,436.0,436.0,402.0,406.0,-0.08968609865470852,-0.09396579241833147,-0.02242152466367713
2016-12-28,416.0,448.0,374.0,442.0,0.08866995073891626,0.08495672247596539,0.10344827586206896
2016-12-29,450.0,470.0,450.0,468.0,0.058823529411764705,0.05715841383994862,0.06334841628959276
2016-12-30,468.0,488.0,422.0,488.0,0.042735042735042736,0.041847109935500504,0.042735042735042736
2017-01-04,488.0,498.0,488.0,498.0,0.020491803278688523,0.020284671171505717,0.020491803278688523
2017-01-05,480.0,500.0,412.0,496.0,-0.004016064257028112,-0.004024150299725491,0.004016064257028112
2017-01-06,496.0,496.0,496.0,496.0,0.0,0.0,0.0
2017-01-09,496.0,496.0,402.0,490.0,-0.012096774193548387,-0.012170535620255179,0.0
2017-01-10,490.0,500.0,486.0,500.0,0.02040816326530612,0.02020270731751947,0.02040816326530612
2017-01-11,500.0,500.0,480.0,480.0,-0.04,-0.040821994520255166,0.0
2017-01-12,480.0,480.0,480.0,480.0,0.0,0.0,0.0
2017-01-16,480.0,480.0,480.0,480.0,0.0,0.0,0.0
2017-01-17,480.0,480.0,480.0,480.0,0.0,0.0,0.0
2017-01-18,480.0,480.0,480.0,480.0,0.0,0.0,0.0
2017-01-19,480.0,480.0,480.0,480.0,0.0,0.0,0.0
2017-01-20,450.0,470.0,390.0,390.0,-0.1875,-0.2076393647782445,-0.020833333333333332
2017-01-23,390.0,450.0,360.0,402.0,0.03076923076923077,0.030305349495328843,0.15384615384615385
2017-01-24,402.0,440.0,402.0,440.0,0.0945273631840796,0.0903226382932857,0.0945273631840796
2017-01-25,440.0,440.0,440.0,440.0,0.0,0.0,0.0
2017-01-26,440.0,440.0,420.0,440.0,0.0,0.0,0.0
2017-01-27,440.0,440.0,440.0,440.0,0.0,0.0,0.0
2017-01-30,440.0,480.0,430.0,430.0,-0.022727272727272728,-0.02298951822469872,0.09090909090909091
2017-01-31,450.0,450.0,450.0,450.0,0.046511627906976744,0.04546237407675741,0.046511627906976744
2017-02-01,450.0,450.0,450.0,450.0,0.0,0.0,0.0
2017-02-02,450.0,450.0,450.0,450.0,0.0,0.0,0.0
2017-02-03,450.0,470.0,450.0,450.0,0.0,0.0,0.044444444444444446
2017-02-06,450.0,450.0,450.0,450.0,0.0,0.0,0.0
2017-02-07,450.0,450.0,450.0,450.0,0.0,0.0,0.0
2017-02-08,450.0,450.0,450.0,450.0,0.0,0.0,0.0
2017-02-09,450.0,450.0,450.0,450.0,0.0,0.0,0.0
2017-02-10,450.0,450.0,382.0,420.0,-0.06666666666666667,-0.06899287148695143,0.0
2017-02-14,418.0,418.0,418.0,418.0,-0.004761904761904762,-0.00477327875265766,-0.004761904761904762
2017-02-15,418.0,418.0,418.0,418.0,0.0,0.0,0.0
2017-02-16,418.0,448.0,352.0,352.0,-0.15789473684210525,-0.17185025692665928,0.07177033492822966
2017-02-17,352.0,440.0,332.0,380.0,0.07954545454545454,0.0765400771223344,0.25
2017-02-20,360.0,368.0,340.0,368.0,-0.031578947368421054,-0.03208831455150051,-0.031578947368421054
2017-02-21,388.0,388.0,284.0,318.0,-0.1358695652173913,-0.14603155538875415,0.05434782608695652
2017-02-22,318.0,318.0,318.0,318.0,0.0,0.0,0.0
2017-02-23,318.0,318.0,318.0,318.0,0.0,0.0,0.0
2017-02-24,318.0,318.0,310.0,310.0,-0.025157232704402517,-0.0254790853009849,0.0
2017-02-27,318.0,318.0,312.0,318.0,0.025806451612903226,0.025479085300984968,0.025806451612903226
2017-02-28,318.0,318.0,318.0,318.0,0.0,0.0,0.0
2017-03-01,316.0,318.0,316.0,318.0,0.0,0.0,0.0
2017-03-02,318.0,318.0,300.0,318.0,0.0,0.0,0.0
2017-03-03,318.0,318.0,318.0,318.0,0.0,0.0,0.0
2017-03-06,314.0,314.0,314.0,314.0,-0.012578616352201259,-0.012658396871923465,-0.012578616352201259
2017-03-07,314.0,314.0,314.0,314.0,0.0,0.0,0.0
2017-03-08,314.0,314.0,238.0,264.0,-0.1592356687898089,-0.17344388276193717,0.0
2017-03-09,286.0,312.0,250.0,286.0,0.08333333333333333,0.08004270767353636,0.18181818181818182
2017-03-10,280.0,290.0,222.0,270.0,-0.055944055944055944,-0.05756985182147782,0.013986013986013986
2017-03-13,280.0,280.0,280.0,280.0,0.037037037037037035,0.03636764417087479,0.037037037037037035
2017-03-14,300.0,300.0,300.0,300.0,0.07142857142857142,0.06899287148695142,0.07142857142857142
2017-03-15,232.0,286.0,232.0,286.0,-0.04666666666666667,-0.04779066383634844,-0.04666666666666667
2017-03-16,286.0,286.0,286.0,286.0,0.0,0.0,0.0
2017-03-17,282.0,282.0,216.0,270.0,-0.055944055944055944,-0.05756985182147782,-0.013986013986013986
2017-03-20,270.0,270.0,226.0,266.0,-0.014814814814814815,-0.014925650216675706,0.0
2017-03-21,278.0,278.0,234.0,234.0,-0.12030075187969924,-0.12817519342399764,0.045112781954887216
2017-03-22,234.0,236.0,232.0,232.0,-0.008547008547008548,-0.008583743691391442,0.008547008547008548
2017-03-23,232.0,240.0,226.0,238.0,0.02586206896551724,0.025533302005164845,0.034482758620689655
2017-03-24,228.0,260.0,226.0,226.0,-0.05042016806722689,-0.051735674399188865,0.09243697478991597
2017-03-27,242.0,242.0,226.0,242.0,0.07079646017699115,0.06840272688440062,0.07079646017699115
2017-03-28,242.0,242.0,226.0,242.0,0.0,0.0,0.0
2017-03-29,242.0,242.0,228.0,228.0,-0.05785123966942149,-0.05959209720224566,0.0
2017-03-30,238.0,238.0,224.0,238.0,0.043859649122807015,0.042925044717033844,0.043859649122807015
2017-03-31,226.0,242.0,224.0,242.0,0.01680672268907563,0.016667052485211643,0.01680672268907563
2017-04-03,242.0,242.0,230.0,230.0,-0.049586776859504134,-0.050858417233490966,0.0
2017-04-04,230.0,250.0,210.0,230.0,0.0,0.0,0.08695652173913043
2017-04-05,238.0,240.0,230.0,238.0,0.034782608695652174,0.03419136474827934,0.043478260869565216
2017-04-07,222.0,276.0,218.0,218.0,-0.08403361344537816,-0.08777561088238572,0.15966386554621848
2017-04-10,218.0,218.0,204.0,206.0,-0.05504587155963303,-0.05661889399950793,0.0
2017-04-11,206.0,206.0,206.0,206.0,0.0,0.0,0.0
2017-04-12,254.0,254.0,204.0,210.0,0.019417475728155338,0.019231361927887592,0.23300970873786409
2017-04-17,210.0,212.0,210.0,210.0,0.0,0.0,0.009523809523809525
2017-04-18,200.0,200.0,190.0,192.0,-0.08571428571428572,-0.08961215868968717,-0.047619047619047616
2017-04-19,192.0,192.0,192.0,192.0,0.0,0.0,0.0
2017-04-20,192.0,218.0,192.0,218.0,0.13541666666666666,0.12699969076130752,0.13541666666666666
2017-04-21,206.0,206.0,206.0,206.0,-0.05504587155963303,-0.05661889399950793,-0.05504587155963303
2017-04-24,206.0,206.0,206.0,206.0,0.0,0.0,0.0
2017-04-25,206.0,206.0,198.0,204.0,-0.009708737864077669,-0.009756174945364685,0.0
2017-04-26,204.0,218.0,182.0,218.0,0.06862745098039216,0.06637506894487259,0.06862745098039216
2017-04-27,218.0,218.0,218.0,218.0,0.0,0.0,0.0
2017-04-28,218.0,218.0,218.0,218.0,0.0,0.0,0.0
2017-05-02,218.0,222.0,218.0,222.0,0.01834862385321101,0.01818231908319033,0.01834862385321101
2017-05-03,222.0,222.0,222.0,222.0,0.0,0.0,0.0
2017-05-04,222.0,222.0,222.0,222.0,0.0,0.0,0.0
2017-05-08,222.0,222.0,222.0,222.0,0.0,0.0,0.0
2017-05-09,222.0,222.0,222.0,222.0,0.0,0.0,0.0
2017-05-11,222.0,222.0,222.0,222.0,0.0,0.0,0.0
2017-05-12,222.0,222.0,222.0,222.0,0.0,0.0,0.0
2017-05-15,222.0,222.0,222.0,222.0,0.0,0.0,0.0
2017-05-16,222.0,222.0,222.0,222.0,0.0,0.0,0.0
2017-05-17,222.0,222.0,222.0,222.0,0.0,0.0,0.0
2017-05-18,222.0,222.0,222.0,222.0,0.0,0.0,0.0
2017-05-19,200.0,200.0,200.0,200.0,-0.0990990990990991,-0.10436001532424276,-0.0990990990990991
2017-05-22,200.0,200.0,199.0,200.0,0.0,0.0,0.0
2017-05-23,175.0,175.0,175.0,175.0,-0.125,-0.13353139262452263,-0.125
2017-05-24,181.0,190.0,181.0,181.0,0.03428571428571429,0.03371105734231166,0.08571428571428572
2017-05-25,181.0,190.0,181.0,181.0,0.0,0.0,0.049723756906077346
2017-05-26,181.0,181.0,181.0,181.0,0.0,0.0,0.0
2017-05-29,181.0,181.0,181.0,181.0,0.0,0.0,0.0
2017-05-30,181.0,181.0,180.0,180.0,-0.0055248618784530384,-0.005540180375615356,0.0
2017-05-31,181.0,181.0,181.0,181.0,0.005555555555555556,0.005540180375615351,0.005555555555555556
2017-06-01,181.0,181.0,181.0,181.0,0.0,0.0,0.0
2017-06-02,181.0,181.0,181.0,181.0,0.0,0.0,0.0
2017-06-05,181.0,220.0,181.0,220.0,0.2154696132596685,0.19513051508653578,0.2154696132596685
2017-06-06,220.0,220.0,183.0,190.0,-0.13636363636363635,-0.1466034741918754,0.0
2017-06-07,190.0,190.0,190.0,190.0,0.0,0.0,0.0
2017-06-08,190.0,190.0,180.0,180.0,-0.05263157894736842,-0.05406722127027582,0.0
2017-06-09,181.0,181.0,180.0,180.0,0.0,0.0,0.005555555555555556
2017-06-12,180.0,180.0,180.0,180.0,0.0,0.0,0.0
2017-06-13,180.0,180.0,180.0,180.0,0.0,0.0,0.0
2017-06-14,118.0,218.0,118.0,179.0,-0.005555555555555556,-0.00557104504945536,0.2111111111111111
2017-06-15,179.0,179.0,179.0,179.0,0.0,0.0,0.0
2017-06-16,179.0,180.0,179.0,179.0,0.0,0.0,0.00558659217877095
2017-06-19,180.0,180.0,179.0,179.0,0.0,0.0,0.00558659217877095
2017-06-20,179.0,179.0,179.0,179.0,0.0,0.0,0.0
2017-06-21,179.0,179.0,179.0,179.0,0.0,0.0,0.0
2017-06-22,200.0,212.0,200.0,212.0,0.18435754189944134,0.16920046883125753,0.18435754189944134
2017-06-23,212.0,212.0,212.0,212.0,0.0,0.0,0.0
2017-06-26,212.0,212.0,212.0,212.0,0.0,0.0,0.0
2017-06-27,212.0,212.0,212.0,212.0,0.0,0.0,0.0
2017-06-28,212.0,212.0,212.0,212.0,0.0,0.0,0.0
2017-06-29,212.0,212.0,212.0,212.0,0.0,0.0,0.0
2017-06-30,212.0,212.0,212.0,212.0,0.0,0.0,0.0
2017-07-03,212.0,212.0,212.0,212.0,0.0,0.0,0.0
2017-07-04,212.0,218.0,212.0,216.0,0.018867924528301886,0.018692133012152546,0.02830188679245283
2017-07-05,208.0,212.0,200.0,210.0,-0.027777777777777776,-0.028170876966696335,-0.018518518518518517
2017-07-06,208.0,208.0,208.0,208.0,-0.009523809523809525,-0.009569451016150672,-0.009523809523809525
2017-07-07,208.0,208.0,208.0,208.0,0.0,0.0,0.0
2017-07-11,208.0,208.0,208.0,208.0,0.0,0.0,0.0
2017-07-12,190.0,222.0,180.0,222.0,0.0673076923076923,0.06513930217096145,0.0673076923076923
2017-07-13,222.0,222.0,222.0,222.0,0.0,0.0,0.0
2017-07-14,222.0,222.0,222.0,222.0,0.0,0.0,0.0
2017-07-17,222.0,222.0,222.0,222.0,0.0,0.0,0.0
2017-07-18,222.0,222.0,222.0,222.0,0.0,0.0,0.0
2017-07-19,208.0,208.0,208.0,208.0,-0.06306306306306306,-0.06513930217096149,-0.06306306306306306
2017-07-20,202.0,220.0,200.0,200.0,-0.038461538461538464,-0.03922071315328127,0.057692307692307696
2017-07-21,204.0,204.0,202.0,202.0,0.01,0.009950330853168092,0.02
2017-07-24,202.0,202.0,202.0,202.0,0.0,0.0,0.0
2017-07-25,198.0,198.0,198.0,198.0,-0.019801980198019802,-0.020000666706669543,-0.019801980198019802
2017-07-26,199.0,200.0,199.0,200.0,0.010101010101010102,0.010050335853501506,0.010101010101010102
2017-07-27,202.0,202.0,200.0,200.0,0.0,0.0,0.01
2017-07-31,200.0,200.0,200.0,200.0,0.0,0.0,0.0
2017-08-01,200.0,200.0,200.0,200.0,0.0,0.0,0.0
2017-08-02,200.0,200.0,200.0,200.0,0.0,0.0,0.0
2017-08-03,200.0,200.0,200.0,200.0,0.0,0.0,0.0
2017-08-04,200.0,200.0,200.0,200.0,0.0,0.0,0.0
2017-08-07,200.0,220.0,200.0,220.0,0.1,0.09531017980432493,0.1
2017-08-08,220.0,220.0,220.0,220.0,0.0,0.0,0.0
2017-08-09,218.0,218.0,200.0,200.0,-0.09090909090909091,-0.0953101798043249,-0.00909090909090909
2017-08-10,200.0,200.0,200.0,200.0,0.0,0.0,0.0
2017-08-11,200.0,200.0,200.0,200.0,0.0,0.0,0.0
2017-08-15,200.0,200.0,200.0,200.0,0.0,0.0,0.0
2017-08-16,200.0,200.0,200.0,200.0,0.0,0.0,0.0
2017-08-17,200.0,200.0,200.0,200.0,0.0,0.0,0.0
2017-08-18,200.0,200.0,200.0,200.0,0.0,0.0,0.0
2017-08-21,200.0,200.0,200.0,200.0,0.0,0.0,0.0
2017-08-22,200.0,200.0,200.0,200.0,0.0,0.0,0.0
2017-08-23,202.0,202.0,200.0,200.0,0.0,0.0,0.01
2017-08-24,200.0,200.0,200.0,200.0,0.0,0.0,0.0
2017-08-25,200.0,200.0,192.0,192.0,-0.04,-0.040821994520255166,0.0
2017-08-28,194.0,194.0,194.0,194.0,0.010416666666666666,0.010362787035546658,0.010416666666666666
2017-08-29,190.0,195.0,190.0,195.0,0.005154639175257732,0.005141399500418652,0.005154639175257732
2017-08-30,195.0,195.0,195.0,195.0,0.0,0.0,0.0
2017-08-31,195.0,195.0,195.0,195.0,0.0,0.0,0.0
2017-09-01,195.0,195.0,195.0,195.0,0.0,0.0,0.0
2017-09-04,195.0,195.0,195.0,195.0,0.0,0.0,0.0
2017-09-05,195.0,195.0,195.0,195.0,0.0,0.0,0.0
2017-09-06,195.0,195.0,195.0,195.0,0.0,0.0,0.0
2017-09-07,195.0,195.0,195.0,195.0,0.0,0.0,0.0
2017-09-08,195.0,195.0,195.0,195.0,0.0,0.0,0.0
2017-09-11,195.0,195.0,190.0,190.0,-0.02564102564102564,-0.025975486403260677,0.0
2017-09-12,190.0,190.0,190.0,190.0,0.0,0.0,0.0
2017-09-13,190.0,190.0,190.0,190.0,0.0,0.0,0.0
2017-09-14,190.0,190.0,190.0,190.0,0.0,0.0,0.0
2017-09-15,190.0,190.0,190.0,190.0,0.0,0.0,0.0
2017-09-18,190.0,190.0,190.0,190.0,0.0,0.0,0.0
2017-09-19,190.0,220.0,125.0,214.0,0.12631578947368421,0.11895194286136529,0.15789473684210525
2017-09-20,214.0,220.0,214.0,220.0,0.028037383177570093,0.02765153133050995,0.028037383177570093
2017-09-21,220.0,220.0,220.0,220.0,0.0,0.0,0.0
2017-09-22,200.0,200.0,200.0,200.0,-0.09090909090909091,-0.0953101798043249,-0.09090909090909091
2017-09-25,200.0,220.0,200.0,220.0,0.1,0.09531017980432493,0.1
2017-09-26,220.0,220.0,190.0,190.0,-0.13636363636363635,-0.1466034741918754,0.0
2017-09-27,190.0,190.0,190.0,190.0,0.0,0.0,0.0
2017-09-28,190.0,190.0,190.0,190.0,0.0,0.0,0.0
2017-09-29,190.0,190.0,190.0,190.0,0.0,0.0,0.0
2017-10-02,190.0,190.0,190.0,190.0,0.0,0.0,0.0
2017-10-03,190.0,190.0,190.0,190.0,0.0,0.0,0.0
2017-10-04,190.0,190.0,190.0,190.0,0.0,0.0,0.0
2017-10-05,190.0,190.0,190.0,190.0,0.0,0.0,0.0
2017-10-06,190.0,190.0,190.0,190.0,0.0,0.0,0.0
2017-10-09,190.0,190.0,190.0,190.0,0.0,0.0,0.0
2017-10-10,190.0,190.0,190.0,190.0,0.0,0.0,0.0
2017-10-11,190.0,190.0,190.0,190.0,0.0,0.0,0.0
2017-10-12,190.0,200.0,190.0,200.0,0.05263157894736842,0.05129329438755048,0.05263157894736842
2017-10-16,200.0,200.0,200.0,200.0,0.0,0.0,0.0
2017-10-17,200.0,200.0,200.0,200.0,0.0,0.0,0.0
2017-10-18,200.0,200.0,200.0,200.0,0.0,0.0,0.0
2017-10-19,200.0,200.0,200.0,200.0,0.0,0.0,0.0
2017-10-20,200.0,200.0,200.0,200.0,0.0,0.0,0.0
2017-10-24,200.0,200.0,200.0,200.0,0.0,0.0,0.0
2017-10-25,200.0,200.0,200.0,200.0,0.0,0.0,0.0
2017-10-27,206.0,206.0,206.0,206.0,0.03,0.02955880224154443,0.03
2017-10-30,206.0,206.0,206.0,206.0,0.0,0.0,0.0
2017-10-31,206.0,206.0,200.0,206.0,0.0,0.0,0.0
2017-11-01,206.0,206.0,206.0,206.0,0.0,0.0,0.0
2017-11-02,200.0,200.0,200.0,200.0,-0.02912621359223301,-0.02955880224154439,-0.02912621359223301
2017-11-03,210.0,218.0,200.0,218.0,0.09,0.08617769624105241,0.09
2017-11-06,218.0,218.0,218.0,218.0,0.0,0.0,0.0
2017-11-07,218.0,218.0,218.0,218.0,0.0,0.0,0.0
2017-11-08,218.0,218.0,218.0,218.0,0.0,0.0,0.0
2017-11-09,218.0,220.0,218.0,220.0,0.009174311926605505,0.009132483563272474,0.009174311926605505
2017-11-10,216.0,216.0,216.0,216.0,-0.01818181818181818,-0.01834913866819654,-0.01818181818181818
2017-11-13,216.0,216.0,216.0,216.0,0.0,0.0,0.0
2017-11-14,216.0,216.0,216.0,216.0,0.0,0.0,0.0
2017-11-15,210.0,210.0,210.0,210.0,-0.027777777777777776,-0.028170876966696335,-0.027777777777777776
2017-11-16,210.0,210.0,210.0,210.0,0.0,0.0,0.0
2017-11-17,220.0,220.0,173.0,173.0,-0.1761904761904762,-0.1938159362196898,0.047619047619047616
2017-11-20,178.0,178.0,178.0,178.0,0.028901734104046242,0.02849195579430624,0.028901734104046242
2017-11-21,178.0,178.0,178.0,178.0,0.0,0.0,0.0
2017-11-22,178.0,178.0,178.0,178.0,0.0,0.0,0.0
2017-11-23,212.0,234.0,212.0,232.0,0.30337078651685395,0.26495382137422485,0.3146067415730337
2017-11-24,232.0,290.0,232.0,290.0,0.25,0.22314355131420976,0.25
2017-11-27,292.0,362.0,292.0,362.0,0.2482758620689655,0.2217632888452514,0.2482758620689655
2017-11-28,398.0,400.0,284.0,284.0,-0.2154696132596685,-0.24266997366456503,0.10497237569060773
2017-11-29,286.0,286.0,262.0,282.0,-0.007042253521126761,-0.007067167223092443,0.007042253521126761
2017-11-30,282.0,282.0,254.0,254.0,-0.09929078014184398,-0.10457280391957705,0.0
2017-12-01,254.0,254.0,254.0,254.0,0.0,0.0,0.0
2017-12-04,246.0,262.0,246.0,262.0,0.031496062992125984,0.031010236742560218,0.031496062992125984
2017-12-06,260.0,298.0,258.0,258.0,-0.015267175572519083,-0.015384918839479456,0.13740458015267176
2017-12-07,228.0,228.0,194.0,220.0,-0.14728682170542637,-0.15933203856925593,-0.11627906976744186
2017-12-08,260.0,270.0,200.0,248.0,0.12727272727272726,0.11980119981262058,0.22727272727272727
2017-12-12,280.0,300.0,270.0,270.0,0.08870967741935484,0.0849932128333925,0.20967741935483872
2017-12-13,210.0,238.0,210.0,230.0,-0.14814814814814814,-0.16034265007517937,-0.11851851851851852
2017-12-14,248.0,248.0,230.0,238.0,0.034782608695652174,0.03419136474827934,0.0782608695652174
2017-12-15,258.0,270.0,258.0,260.0,0.09243697478991597,0.08841095734405294,0.13445378151260504
2017-12-18,260.0,260.0,260.0,260.0,0.0,0.0,0.0
2017-12-19,260.0,260.0,220.0,240.0,-0.07692307692307693,-0.08004270767353637,0.0
2017-12-20,240.0,260.0,240.0,250.0,0.041666666666666664,0.0408219945202552,0.08333333333333333
2017-12-21,270.0,270.0,216.0,222.0,-0.112,-0.11878353598996698,0.08
2017-12-22,220.0,220.0,200.0,200.0,-0.0990990990990991,-0.10436001532424276,-0.009009009009009009
2017-12-25,200.0,200.0,200.0,200.0,0.0,0.0,0.0
2017-12-26,200.0,200.0,200.0,200.0,0.0,0.0,0.0
2017-12-27,200.0,226.0,188.0,202.0,0.01,0.009950330853168092,0.13
2017-12-28,200.0,200.0,191.0,194.0,-0.039603960396039604,-0.040409538337876666,-0.009900990099009901
2017-12-29,194.0,200.0,190.0,192.0,-0.010309278350515464,-0.010362787035546547,0.030927835051546393
2018-01-03,192.0,202.0,192.0,202.0,0.052083333333333336,0.05077232537342314,0.052083333333333336
2018-01-04,202.0,202.0,202.0,202.0,0.0,0.0,0.0
2018-01-05,200.0,202.0,200.0,202.0,0.0,0.0,0.0
2018-01-08,200.0,200.0,198.0,199.0,-0.01485148514851485,-0.014962872676712377,-0.009900990099009901
2018-01-09,199.0,199.0,197.0,199.0,0.0,0.0,0.0
2018-01-10,199.0,199.0,199.0,199.0,0.0,0.0,0.0
2018-01-11,198.0,200.0,198.0,200.0,0.005025125628140704,0.0050125418235441935,0.005025125628140704
2018-01-12,200.0,200.0,200.0,200.0,0.0,0.0,0.0
2018-01-15,200.0,200.0,200.0,200.0,0.0,0.0,0.0
2018-01-16,186.0,197.0,186.0,194.0,-0.03,-0.030459207484708574,-0.015
2018-01-17,194.0,220.0,189.0,220.0,0.13402061855670103,0.1257693872890334,0.13402061855670103
2018-01-18,216.0,216.0,193.0,202.0,-0.08181818181818182,-0.08535984895115675,-0.01818181818181818
2018-01-19,202.0,202.0,190.0,190.0,-0.0594059405940594,-0.06124362524071867,0.0
2018-01-22,191.0,202.0,190.0,199.0,0.04736842105263158,0.04628075256400618,0.06315789473684211
2018-01-23,197.0,197.0,188.0,190.0,-0.04522613065326633,-0.046280752564006225,-0.010050251256281407
2018-01-24,190.0,191.0,185.0,185.0,-0.02631578947368421,-0.026668247082161294,0.005263157894736842
2018-01-25,185.0,198.0,185.0,198.0,0.07027027027027027,0.06791120561621036,0.07027027027027027
2018-01-26,198.0,198.0,198.0,198.0,0.0,0.0,0.0
2018-01-29,198.0,198.0,198.0,198.0,0.0,0.0,0.0
2018-01-30,195.0,195.0,195.0,195.0,-0.015151515151515152,-0.01526747213078842,-0.015151515151515152
2018-01-31,195.0,195.0,195.0,195.0,0.0,0.0,0.0
2018-02-01,195.0,195.0,195.0,195.0,0.0,0.0,0.0
2018-02-02,195.0,195.0,195.0,195.0,0.0,0.0,0.0
2018-02-05,185.0,185.0,185.0,185.0,-0.05128205128205128,-0.05264373348542203,-0.05128205128205128
2018-02-06,198.0,198.0,185.0,185.0,0.0,0.0,0.07027027027027027
2018-02-07,186.0,186.0,180.0,180.0,-0.02702702702702703,-0.027398974188114388,0.005405405405405406
2018-02-08,200.0,200.0,185.0,185.0,0.027777777777777776,0.027398974188114347,0.1111111111111111
2018-02-09,199.0,200.0,199.0,200.0,0.08108108108108109,0.07796154146971192,0.08108108108108109
2018-02-12,200.0,200.0,200.0,200.0,0.0,0.0,0.0
2018-02-13,199.0,200.0,199.0,200.0,0.0,0.0,0.0
2018-02-14,180.0,185.0,170.0,176.0,-0.12,-0.12783337150988489,-0.075
2018-02-15,182.0,182.0,172.0,172.0,-0.022727272727272728,-0.02298951822469872,0.03409090909090909
2018-02-16,172.0,172.0,172.0,172.0,0.0,0.0,0.0
2018-02-19,173.0,179.0,173.0,176.0,0.023255813953488372,0.02298951822469878,0.040697674418604654
2018-02-20,176.0,184.0,176.0,184.0,0.045454545454545456,0.044451762570833796,0.045454545454545456
2018-02-21,184.0,184.0,175.0,180.0,-0.021739130434782608,-0.02197890671877523,0.0
2018-02-22,180.0,185.0,176.0,181.0,0.005555555555555556,0.005540180375615351,0.027777777777777776
2018-02-23,179.0,181.0,176.0,181.0,0.0,0.0,0.0
2018-02-26,179.0,180.0,176.0,176.0,-0.027624309392265192,-0.028013036227674006,-0.0055248618784530384
2018-02-27,175.0,178.0,170.0,178.0,0.011363636363636364,0.011299555253933466,0.011363636363636364
2018-02-28,171.0,172.0,171.0,172.0,-0.033707865168539325,-0.034289073478632075,-0.033707865168539325
2018-03-02,177.0,228.0,175.0,184.0,0.06976744186046512,0.06744128079553248,0.32558139534883723
2018-03-05,184.0,248.0,184.0,248.0,0.34782608695652173,0.29849298855599654,0.34782608695652173
2018-03-06,248.0,298.0,220.0,220.0,-0.11290322580645161,-0.11980119981262065,0.20161290322580644
2018-03-07,216.0,226.0,202.0,202.0,-0.08181818181818182,-0.08535984895115675,0.02727272727272727
2018-03-08,204.0,220.0,195.0,220.0,0.0891089108910891,0.08535984895115685,0.0891089108910891
2018-03-09,216.0,216.0,192.0,196.0,-0.10909090909090909,-0.11551288712184435,-0.01818181818181818
2018-03-12,195.0,199.0,190.0,190.0,-0.030612244897959183,-0.03109058707003112,0.015306122448979591
2018-03-13,190.0,224.0,190.0,200.0,0.05263157894736842,0.05129329438755048,0.17894736842105263
2018-03-14,210.0,210.0,181.0,190.0,-0.05,-0.05129329438755058,0.05
2018-03-15,182.0,216.0,182.0,190.0,0.0,0.0,0.1368421052631579
2018-03-16,190.0,198.0,185.0,190.0,0.0,0.0,0.042105263157894736
2018-03-19,200.0,210.0,189.0,198.0,0.042105263157894736,0.041242958534049,0.10526315789473684
2018-03-20,194.0,197.0,183.0,195.0,-0.015151515151515152,-0.01526747213078842,-0.005050505050505051
2018-03-21,190.0,228.0,190.0,202.0,0.035897435897435895,0.03526813883745805,0.16923076923076924
2018-03-22,196.0,210.0,190.0,200.0,-0.009900990099009901,-0.009950330853168092,0.039603960396039604
2018-03-23,200.0,200.0,188.0,192.0,-0.04,-0.040821994520255166,0.0
2018-03-26,197.0,197.0,174.0,186.0,-0.03125,-0.0317486983145803,0.026041666666666668
2018-03-27,188.0,188.0,173.0,180.0,-0.03225806451612903,-0.03278982282299084,0.010752688172043012
2018-03-28,185.0,185.0,170.0,178.0,-0.011111111111111112,-0.011173300598125189,0.027777777777777776
2018-03-29,176.0,178.0,176.0,178.0,0.0,0.0,0.0
2018-03-30,178.0,178.0,178.0,178.0,0.0,0.0,0.0
2018-04-02,178.0,178.0,178.0,178.0,0.0,0.0,0.0
2018-04-03,171.0,175.0,169.0,169.0,-0.05056179775280899,-0.051884835369011686,-0.016853932584269662
2018-04-04,169.0,169.0,167.0,167.0,-0.011834319526627219,-0.011904902506318314,0.0
2018-04-05,167.0,167.0,167.0,167.0,0.0,0.0,0.0
2018-04-09,176.0,176.0,175.0,175.0,0.04790419161676647,0.046792161506758884,0.05389221556886228
2018-04-10,174.0,174.0,173.0,174.0,-0.005714285714285714,-0.005730674708984983,-0.005714285714285714
2018-04-11,172.0,172.0,130.0,170.0,-0.022988505747126436,-0.023256862164267235,-0.011494252873563218
2018-04-12,170.0,170.0,157.0,157.0,-0.07647058823529412,-0.07955263170195365,0.0
2018-04-17,163.0,163.0,163.0,163.0,0.03821656050955414,0.03750439545845427,0.03821656050955414
2018-04-18,171.0,171.0,171.0,171.0,0.049079754601226995,0.04791335569589745,0.049079754601226995
2018-04-19,171.0,171.0,171.0,171.0,0.0,0.0,0.0
2018-04-20,171.0,171.0,171.0,171.0,0.0,0.0,0.0
2018-04-23,175.0,175.0,170.0,175.0,0.023391812865497075,0.023122417420854212,0.023391812865497075
2018-04-24,176.0,176.0,175.0,175.0,0.0,0.0,0.005714285714285714
2018-04-25,175.0,175.0,175.0,175.0,0.0,0.0,0.0
2018-04-26,175.0,175.0,175.0,175.0,0.0,0.0,0.0
2018-04-27,175.0,175.0,175.0,175.0,0.0,0.0,0.0
2018-04-30,172.0,172.0,170.0,172.0,-0.017142857142857144,-0.017291497110060994,-0.017142857142857144
2018-05-02,172.0,172.0,165.0,165.0,-0.040697674418604654,-0.04154900291287239,0.0
2018-05-03,173.0,173.0,160.0,160.0,-0.030303030303030304,-0.03077165866675366,0.048484848484848485
2018-05-04,166.0,168.0,158.0,168.0,0.05,0.04879016416943204,0.05
2018-05-07,181.0,181.0,181.0,181.0,0.07738095238095238,0.07453305186256677,0.07738095238095238
2018-05-08,182.0,183.0,182.0,183.0,0.011049723756906077,0.010989121575595165,0.011049723756906077
2018-05-09,160.0,160.0,160.0,160.0,-0.12568306010928962,-0.13431233760759406,-0.12568306010928962
2018-05-10,160.0,160.0,160.0,160.0,0.0,0.0,0.0
2018-05-11,160.0,193.0,160.0,178.0,0.1125,0.10660973505825827,0.20625
2018-05-14,178.0,178.0,178.0,178.0,0.0,0.0,0.0
2018-05-15,178.0,178.0,178.0,178.0,0.0,0.0,0.0
2018-05-16,178.0,189.0,153.0,177.0,-0.0056179775280898875,-0.00563381771825602,0.06179775280898876
2018-05-17,178.0,178.0,172.0,172.0,-0.02824858757062147,-0.02865525576037606,0.005649717514124294
2018-05-18,184.0,184.0,125.0,166.0,-0.03488372093023256,-0.03550668845690976,0.06976744186046512
2018-05-21,166.0,166.0,166.0,166.0,0.0,0.0,0.0
2018-05-22,166.0,166.0,144.0,144.0,-0.13253012048192772,-0.1421744887805426,0.0
2018-05-23,178.0,178.0,153.0,156.0,0.08333333333333333,0.08004270767353636,0.2361111111111111
2018-05-24,156.0,166.0,150.0,160.0,0.02564102564102564,0.025317807984289786,0.0641025641025641
2018-05-25,150.0,160.0,150.0,160.0,0.0,0.0,0.0
2018-05-28,160.0,160.0,160.0,160.0,0.0,0.0,0.0
2018-05-30,153.0,157.0,122.0,157.0,-0.01875,-0.01892800988551891,-0.01875
2018-05-31,156.0,156.0,144.0,144.0,-0.08280254777070063,-0.08643250577230742,-0.006369426751592357
2018-06-01,144.0,144.0,144.0,144.0,0.0,0.0,0.0
2018-06-04,137.0,172.0,137.0,172.0,0.19444444444444445,0.17768117723745241,0.19444444444444445
2018-06-05,167.0,167.0,166.0,166.0,-0.03488372093023256,-0.03550668845690976,-0.029069767441860465
2018-06-06,156.0,179.0,153.0,153.0,-0.0783132530120482,-0.08154986696410774,0.0783132530120482
2018-06-07,153.0,153.0,153.0,153.0,0.0,0.0,0.0
2018-06-08,137.0,137.0,137.0,137.0,-0.10457516339869281,-0.1104569955643105,-0.10457516339869281
2018-06-11,137.0,137.0,137.0,137.0,0.0,0.0,0.0
2018-06-12,137.0,137.0,137.0,137.0,0.0,0.0,0.0
2018-06-13,137.0,137.0,137.0,137.0,0.0,0.0,0.0
2018-06-14,137.0,137.0,137.0,137.0,0.0,0.0,0.0
2018-06-15,137.0,137.0,137.0,137.0,0.0,0.0,0.0
2018-06-18,137.0,137.0,137.0,137.0,0.0,0.0,0.0
2018-06-19,137.0,137.0,137.0,137.0,0.0,0.0,0.0
2018-06-20,137.0,137.0,137.0,137.0,0.0,0.0,0.0
2018-06-21,141.0,173.0,141.0,162.0,0.18248175182481752,0.16761540940425926,0.26277372262773724
2018-06-22,162.0,162.0,159.0,159.0,-0.018518518518518517,-0.01869213301215252,0.0
2018-06-25,159.0,159.0,159.0,159.0,0.0,0.0,0.0
2018-06-26,159.0,159.0,159.0,159.0,0.0,0.0,0.0
2018-06-27,159.0,159.0,159.0,159.0,0.0,0.0,0.0
2018-06-28,152.0,152.0,150.0,150.0,-0.05660377358490566,-0.05826890812397576,-0.0440251572327044
2018-06-29,150.0,150.0,150.0,150.0,0.0,0.0,0.0
2018-07-02,148.0,148.0,141.0,148.0,-0.013333333333333334,-0.013423020332140661,-0.013333333333333334
2018-07-03,148.0,178.0,148.0,178.0,0.20270270270270271,0.18457127652797004,0.20270270270270271
2018-07-04,136.0,169.0,136.0,167.0,-0.06179775280898876,-0.06378973787533009,-0.05056179775280899
2018-07-05,183.0,183.0,137.0,158.0,-0.05389221556886228,-0.05539877938978828,0.09580838323353294
2018-07-06,178.0,178.0,148.0,175.0,0.10759493670886076,0.10219094089654716,0.12658227848101267
2018-07-09,160.0,160.0,155.0,155.0,-0.11428571428571428,-0.12136085700426748,-0.08571428571428572
2018-07-10,155.0,155.0,116.0,155.0,0.0,0.0,0.0
2018-07-11,155.0,155.0,137.0,148.0,-0.04516129032258064,-0.046212843155131564,0.0
2018-07-12,150.0,162.0,142.0,153.0,0.033783783783783786,0.033225647628320386,0.0945945945945946
2018-07-13,153.0,153.0,153.0,153.0,0.0,0.0,0.0
2018-07-16,146.0,150.0,129.0,129.0,-0.1568627450980392,-0.17062551703076334,-0.0196078431372549
2018-07-17,139.0,139.0,123.0,126.0,-0.023255813953488372,-0.02353049741019416,0.07751937984496124
2018-07-18,124.0,142.0,124.0,132.0,0.047619047619047616,0.04652001563489291,0.12698412698412698
2018-07-19,132.0,136.0,132.0,136.0,0.030303030303030304,0.02985296314968113,0.030303030303030304
2018-07-20,136.0,136.0,136.0,136.0,0.0,0.0,0.0
2018-07-23,134.0,134.0,134.0,134.0,-0.014705882352941176,-0.014815085785140587,-0.014705882352941176
2018-07-24,134.0,134.0,134.0,134.0,0.0,0.0,0.0
2018-07-25,134.0,138.0,134.0,138.0,0.029850746268656716,0.029413885206293407,0.029850746268656716
2018-07-26,138.0,148.0,136.0,148.0,0.07246376811594203,0.06995858860691047,0.07246376811594203
2018-07-31,153.0,173.0,153.0,173.0,0.16891891891891891,0.15607932073366385,0.16891891891891891
2018-08-01,173.0,173.0,173.0,173.0,0.0,0.0,0.0
2018-08-02,173.0,173.0,173.0,173.0,0.0,0.0,0.0
2018-08-03,168.0,168.0,167.0,167.0,-0.03468208092485549,-0.03529778208102382,-0.028901734104046242
2018-08-06,166.0,196.0,130.0,170.0,0.017964071856287425,0.017804624633506686,0.17365269461077845
2018-08-07,170.0,170.0,156.0,166.0,-0.023529411764705882,-0.02381064869371856,0.0
2018-08-08,160.0,170.0,136.0,162.0,-0.024096385542168676,-0.024391453124159124,0.024096385542168676
2018-08-09,169.0,173.0,158.0,170.0,0.04938271604938271,0.048202101817877686,0.06790123456790123
2018-08-10,170.0,170.0,170.0,170.0,0.0,0.0,0.0
2018-08-14,182.0,182.0,156.0,176.0,0.03529411764705882,0.03468555798789011,0.07058823529411765
2018-08-15,166.0,176.0,166.0,176.0,0.0,0.0,0.0
2018-08-16,168.0,168.0,168.0,168.0,-0.045454545454545456,-0.04652001563489282,-0.045454545454545456
2018-08-17,168.0,168.0,168.0,168.0,0.0,0.0,0.0
2018-08-20,183.0,212.0,183.0,212.0,0.2619047619047619,0.2326222952687535,0.2619047619047619
2018-08-21,212.0,212.0,190.0,190.0,-0.10377358490566038,-0.10956220251152628,0.0
2018-08-22,190.0,190.0,190.0,190.0,0.0,0.0,0.0
2018-08-23,181.0,181.0,152.0,154.0,-0.18947368421052632,-0.21007146974685703,-0.04736842105263158
2018-08-24,155.0,170.0,154.0,154.0,0.0,0.0,0.1038961038961039
2018-08-27,160.0,170.0,141.0,165.0,0.07142857142857142,0.06899287148695142,0.1038961038961039
2018-08-28,156.0,156.0,146.0,146.0,-0.11515151515151516,-0.12233885219224414,-0.05454545454545454
2018-08-29,156.0,163.0,146.0,146.0,0.0,0.0,0.11643835616438356
2018-08-30,146.0,195.0,146.0,180.0,0.2328767123287671,0.20935022918187396,0.3356164383561644
2018-08-31,180.0,180.0,169.0,169.0,-0.06111111111111111,-0.06305813596713691,0.0
2018-09-03,169.0,169.0,169.0,169.0,0.0,0.0,0.0
2018-09-04,161.0,161.0,151.0,158.0,-0.0650887573964497,-0.06730368189610667,-0.047337278106508875
2018-09-05,155.0,155.0,131.0,151.0,-0.04430379746835443,-0.04531519621204249,-0.0189873417721519
2018-09-06,160.0,160.0,160.0,160.0,0.059602649006622516,0.05789397841890267,0.059602649006622516
2018-09-07,165.0,165.0,165.0,165.0,0.03125,0.030771658666753687,0.03125
2018-09-10,164.0,164.0,160.0,160.0,-0.030303030303030304,-0.03077165866675366,-0.006060606060606061
2018-09-11,160.0,160.0,160.0,160.0,0.0,0.0,0.0
2018-09-12,160.0,160.0,160.0,160.0,0.0,0.0,0.0
2018-09-13,160.0,160.0,160.0,160.0,0.0,0.0,0.0
2018-09-14,167.0,167.0,159.0,159.0,-0.00625,-0.006269613013595374,0.04375
2018-09-17,158.0,164.0,156.0,162.0,0.018867924528301886,0.018692133012152546,0.031446540880503145
2018-09-18,150.0,159.0,150.0,159.0,-0.018518518518518517,-0.01869213301215252,-0.018518518518518517
2018-09-19,159.0,159.0,159.0,159.0,0.0,0.0,0.0
2018-09-20,159.0,159.0,159.0,159.0,0.0,0.0,0.0
2018-09-21,159.0,159.0,159.0,159.0,0.0,0.0,0.0
2018-09-24,159.0,159.0,159.0,159.0,0.0,0.0,0.0
2018-09-25,159.0,159.0,159.0,159.0,0.0,0.0,0.0
2018-09-26,169.0,169.0,125.0,125.0,-0.2138364779874214,-0.24059046491793035,0.06289308176100629
2018-09-27,162.0,163.0,146.0,160.0,0.28,0.2468600779315258,0.304
2018-09-28,160.0,167.0,140.0,155.0,-0.03125,-0.0317486983145803,0.04375
2018-10-01,155.0,161.0,154.0,161.0,0.03870967741935484,0.03797924806521647,0.03870967741935484
2018-10-02,161.0,161.0,161.0,161.0,0.0,0.0,0.0
2018-10-03,158.0,158.0,131.0,140.0,-0.13043478260869565,-0.13976194237515874,-0.018633540372670808
2018-10-04,140.0,160.0,132.0,160.0,0.14285714285714285,0.13353139262452257,0.14285714285714285
2018-10-05,151.0,156.0,141.0,141.0,-0.11875,-0.12641392485565867,-0.025
2018-10-08,141.0,155.0,135.0,136.0,-0.03546099290780142,-0.03610500464211632,0.09929078014184398
2018-10-09,136.0,142.0,128.0,136.0,0.0,0.0,0.04411764705882353
2018-10-10,130.0,162.0,130.0,154.0,0.1323529411764706,0.12429771667757712,0.19117647058823528
2018-10-11,154.0,154.0,130.0,146.0,-0.05194805194805195,-0.053345980705292735,0.0
2018-10-12,138.0,144.0,137.0,144.0,-0.0136986301369863,-0.013793322132335873,-0.0136986301369863
2018-10-16,138.0,150.0,136.0,143.0,-0.006944444444444444,-0.006968669316093316,0.041666666666666664
2018-10-17,136.0,149.0,127.0,127.0,-0.11188811188811189,-0.11865754380131599,0.04195804195804196
2018-10-18,132.0,154.0,125.0,134.0,0.05511811023622047,0.05365271349232,0.2125984251968504
2018-10-19,126.0,132.0,123.0,125.0,-0.06716417910447761,-0.06952606264861022,-0.014925373134328358
2018-10-22,125.0,130.0,113.0,114.0,-0.088,-0.09211528890780563,0.04
2018-10-24,116.0,122.0,110.0,113.0,-0.008771929824561403,-0.00881062968215492,0.07017543859649122
2018-10-25,114.0,120.0,110.0,112.0,-0.008849557522123894,-0.00888894741724604,0.061946902654867256
2018-10-26,113.0,118.0,113.0,114.0,0.017857142857142856,0.017699577099400857,0.05357142857142857
2018-10-29,116.0,116.0,115.0,115.0,0.008771929824561403,0.008733679968754631,0.017543859649122806
2018-10-30,123.0,123.0,116.0,116.0,0.008695652173913044,0.008658062743114531,0.06956521739130435
2018-10-31,116.0,116.0,113.0,115.0,-0.008620689655172414,-0.008658062743114541,0.0
2018-11-01,116.0,116.0,115.0,115.0,0.0,0.0,0.008695652173913044
2018-11-02,113.0,115.0,106.0,108.0,-0.06086956521739131,-0.06280090123903036,0.0
2018-11-05,102.0,111.0,102.0,103.0,-0.046296296296296294,-0.047402238894583906,0.027777777777777776
2018-11-06,103.0,112.0,103.0,111.0,0.07766990291262135,0.07480121308269834,0.08737864077669903
2018-11-07,110.0,124.0,110.0,110.0,-0.009009009009009009,-0.009049835519917927,0.11711711711711711
2018-11-08,117.0,125.0,114.0,125.0,0.13636363636363635,0.127833371509885,0.13636363636363635
2018-11-09,125.0,125.0,125.0,125.0,0.0,0.0,0.0
2018-11-12,118.0,121.0,114.0,118.0,-0.056,-0.057629112836636416,-0.032
2018-11-13,118.0,118.0,118.0,118.0,0.0,0.0,0.0
2018-11-14,118.0,118.0,118.0,118.0,0.0,0.0,0.0
2018-11-15,114.0,115.0,106.0,107.0,-0.09322033898305085,-0.09785579000375856,-0.025423728813559324
2018-11-16,106.0,113.0,106.0,111.0,0.037383177570093455,0.03670136685042796,0.056074766355140186
2018-11-19,111.0,122.0,105.0,110.0,-0.009009009009009009,-0.009049835519917927,0.0990990990990991
2018-11-20,110.0,110.0,110.0,110.0,0.0,0.0,0.0
2018-11-21,110.0,110.0,110.0,110.0,0.0,0.0,0.0
2018-11-22,110.0,110.0,110.0,110.0,0.0,0.0,0.0
2018-11-23,110.0,111.0,110.0,111.0,0.00909090909090909,0.009049835519917856,0.00909090909090909
2018-11-26,110.0,126.0,110.0,117.0,0.05405405405405406,0.05264373348542188,0.13513513513513514
2018-11-27,115.0,126.0,115.0,122.0,0.042735042735042736,0.041847109935500504,0.07692307692307693
2018-11-28,122.0,164.0,122.0,164.0,0.3442622950819672,0.2958453830909418,0.3442622950819672
2018-11-29,180.0,220.0,180.0,220.0,0.34146341463414637,0.29376111852816317,0.34146341463414637
2018-11-30,220.0,274.0,220.0,274.0,0.24545454545454545,0.21950056003570861,0.24545454545454545
2018-12-03,290.0,290.0,242.0,264.0,-0.0364963503649635,-0.037179003241754015,0.058394160583941604
2018-12-04,234.0,282.0,234.0,268.0,0.015151515151515152,0.015037877364540502,0.06818181818181818
2018-12-06,262.0,280.0,256.0,260.0,-0.029850746268656716,-0.030305349495328922,0.04477611940298507
2018-12-07,258.0,278.0,258.0,274.0,0.05384615384615385,0.052446475372542524,0.06923076923076923
2018-12-11,274.0,274.0,274.0,274.0,0.0,0.0,0.0
2018-12-12,250.0,266.0,250.0,260.0,-0.051094890510948905,-0.052446475372542545,-0.029197080291970802
2018-12-13,242.0,246.0,222.0,242.0,-0.06923076923076923,-0.0717439048588413,-0.05384615384615385
2018-12-14,222.0,232.0,222.0,222.0,-0.08264462809917356,-0.08626034428440689,-0.04132231404958678
2018-12-17,222.0,250.0,222.0,246.0,0.10810810810810811,0.10265415406008337,0.12612612612612611
2018-12-18,242.0,276.0,242.0,260.0,0.056910569105691054,0.0553500950831649,0.12195121951219512
2018-12-19,246.0,254.0,244.0,244.0,-0.06153846153846154,-0.06351340572232586,-0.023076923076923078
2018-12-20,262.0,262.0,232.0,248.0,0.01639344262295082,0.016260520871780326,0.07377049180327869
2018-12-21,248.0,248.0,234.0,248.0,0.0,0.0,0.0
2018-12-24,248.0,248.0,248.0,248.0,0.0,0.0,0.0
2018-12-25,248.0,248.0,248.0,248.0,0.0,0.0,0.0
2018-12-26,238.0,246.0,234.0,236.0,-0.04838709677419355,-0.04959694113937206,-0.008064516129032258
2018-12-27,248.0,294.0,226.0,292.0,0.23728813559322035,0.21292199724267172,0.2457627118644068
2018-12-28,292.0,294.0,222.0,276.0,-0.0547945205479452,-0.056352936551131744,0.00684931506849315
2019-01-02,276.0,276.0,208.0,208.0,-0.2463768115942029,-0.282862786015832,0.0
2019-01-03,210.0,250.0,210.0,210.0,0.009615384615384616,0.009569451016150672,0.20192307692307693
2019-01-04,192.0,220.0,192.0,216.0,0.02857142857142857,0.028170876966696224,0.047619047619047616
2019-01-07,216.0,270.0,216.0,248.0,0.14814814814814814,0.13815033848081718,0.25
2019-01-08,248.0,310.0,248.0,306.0,0.23387096774193547,0.2101563557873986,0.25
2019-01-09,306.0,306.0,252.0,286.0,-0.06535947712418301,-0.06759329113252817,0.0
2019-01-10,272.0,306.0,272.0,300.0,0.04895104895104895,0.04779066383634848,0.06993006993006994
2019-01-11,300.0,300.0,290.0,300.0,0.0,0.0,0.0
2019-01-14,300.0,302.0,298.0,302.0,0.006666666666666667,0.006644542718668511,0.006666666666666667
2019-01-15,300.0,300.0,290.0,300.0,-0.006622516556291391,-0.006644542718668613,-0.006622516556291391
2019-01-16,350.0,350.0,350.0,350.0,0.16666666666666666,0.15415067982725836,0.16666666666666666
2019-01-17,352.0,352.0,296.0,296.0,-0.15428571428571428,-0.16757370015939896,0.005714285714285714
2019-01-18,296.0,360.0,296.0,358.0,0.20945945945945946,0.1901735320766399,0.21621621621621623
2019-01-21,358.0,358.0,306.0,328.0,-0.08379888268156424,-0.08751937801655654,0.0
2019-01-22,302.0,316.0,264.0,264.0,-0.1951219512195122,-0.2170645052378275,-0.036585365853658534
2019-01-23,270.0,330.0,264.0,320.0,0.21212121212121213,0.1923718926474561,0.25
2019-01-24,320.0,320.0,282.0,300.0,-0.0625,-0.06453852113757118,0.0
2019-01-25,300.0,300.0,290.0,300.0,0.0,0.0,0.0
2019-01-28,282.0,300.0,276.0,300.0,0.0,0.0,0.0
2019-01-29,282.0,332.0,280.0,332.0,0.10666666666666667,0.1013524942602875,0.10666666666666667
2019-01-30,332.0,332.0,332.0,332.0,0.0,0.0,0.0
2019-01-31,332.0,332.0,332.0,332.0,0.0,0.0,0.0
2019-02-01,322.0,322.0,306.0,322.0,-0.030120481927710843,-0.030583423372080278,-0.030120481927710843
2019-02-04,322.0,330.0,322.0,330.0,0.024844720496894408,0.02454110891611766,0.024844720496894408
2019-02-05,330.0,330.0,330.0,330.0,0.0,0.0,0.0
2019-02-06,328.0,328.0,328.0,328.0,-0.006060606060606061,-0.006079046076382226,-0.006060606060606061
2019-02-07,326.0,360.0,326.0,332.0,0.012195121951219513,0.01212136053234482,0.0975609756097561
2019-02-08,350.0,384.0,332.0,384.0,0.1566265060240964,0.14550758367123828,0.1566265060240964
2019-02-11,364.0,384.0,344.0,384.0,0.0,0.0,0.0
2019-02-12,382.0,382.0,382.0,382.0,-0.005208333333333333,-0.0052219439811517126,-0.005208333333333333
2019-02-13,362.0,380.0,342.0,380.0,-0.005235602094240838,-0.005249355886143678,-0.005235602094240838
2019-02-14,286.0,380.0,286.0,380.0,0.0,0.0,0.0
2019-02-15,380.0,380.0,380.0,380.0,0.0,0.0,0.0
2019-02-18,362.0,362.0,304.0,306.0,-0.19473684210526315,-0.21658615076805074,-0.04736842105263158
2019-02-20,380.0,450.0,310.0,322.0,0.05228758169934641,0.050966443592027566,0.47058823529411764
2019-02-21,302.0,400.0,302.0,340.0,0.055900621118012424,0.054394072065798764,0.2422360248447205
2019-02-22,350.0,400.0,330.0,392.0,0.15294117647058825,0.1423162221802554,0.17647058823529413
2019-02-25,400.0,400.0,334.0,370.0,-0.05612244897959184,-0.05775883415219242,0.02040816326530612
2019-02-26,370.0,390.0,340.0,386.0,0.043243243243243246,0.042334363826560736,0.05405405405405406
2019-02-27,380.0,380.0,340.0,370.0,-0.04145077720207254,-0.04233436382656077,-0.015544041450777202
2019-02-28,370.0,370.0,370.0,370.0,0.0,0.0,0.0
2019-03-01,370.0,370.0,322.0,360.0,-0.02702702702702703,-0.027398974188114388,0.0
2019-03-04,342.0,378.0,342.0,356.0,-0.011111111111111112,-0.011173300598125189,0.05
2019-03-05,268.0,360.0,268.0,360.0,0.011235955056179775,0.011173300598125255,0.011235955056179775
2019-03-06,360.0,360.0,360.0,360.0,0.0,0.0,0.0
2019-03-07,360.0,360.0,360.0,360.0,0.0,0.0,0.0
2019-03-08,360.0,360.0,360.0,360.0,0.0,0.0,0.0
2019-03-11,360.0,380.0,356.0,370.0,0.027777777777777776,0.027398974188114347,0.05555555555555555
2019-03-12,370.0,400.0,278.0,370.0,0.0,0.0,0.08108108108108109
2019-03-13,364.0,384.0,360.0,384.0,0.03783783783783784,0.037139546949456786,0.03783783783783784
2019-03-14,384.0,384.0,384.0,384.0,0.0,0.0,0.0
2019-03-15,352.0,400.0,352.0,390.0,0.015625,0.015504186535965254,0.041666666666666664
2019-03-18,390.0,390.0,352.0,372.0,-0.046153846153846156,-0.0472528848505455,0.0
2019-03-19,386.0,386.0,290.0,292.0,-0.21505376344086022,-0.24214005200486485,0.03763440860215054
2019-03-20,290.0,362.0,234.0,330.0,0.13013698630136986,0.12233885219224423,0.23972602739726026
2019-03-21,290.0,290.0,252.0,270.0,-0.18181818181818182,-0.2006706954621511,-0.12121212121212122
2019-03-22,270.0,290.0,266.0,280.0,0.037037037037037035,0.03636764417087479,0.07407407407407407
2019-03-25,276.0,290.0,262.0,280.0,0.0,0.0,0.03571428571428571
2019-03-26,218.0,276.0,218.0,274.0,-0.02142857142857143,-0.02166149678117942,-0.014285714285714285
2019-03-27,274.0,276.0,274.0,276.0,0.0072992700729927005,0.007272759329079878,0.0072992700729927005
2019-03-28,276.0,276.0,276.0,276.0,0.0,0.0,0.0
2019-03-29,264.0,324.0,264.0,302.0,0.09420289855072464,0.09002615165771961,0.17391304347826086
2019-04-01,320.0,320.0,276.0,318.0,0.052980132450331126,0.051624365405307245,0.059602649006622516
2019-04-02,314.0,314.0,270.0,300.0,-0.05660377358490566,-0.05826890812397576,-0.012578616352201259
2019-04-03,300.0,300.0,300.0,300.0,0.0,0.0,0.0
2019-04-04,318.0,318.0,318.0,318.0,0.06,0.058268908123975824,0.06
2019-04-05,302.0,302.0,294.0,294.0,-0.07547169811320754,-0.07847161544149521,-0.050314465408805034
2019-04-09,400.0,456.0,400.0,456.0,0.5510204081632653,0.4389130421757044,0.5510204081632653
2019-04-10,476.0,570.0,458.0,540.0,0.18421052631578946,0.1690763300439339,0.25
2019-04-11,570.0,695.0,460.0,460.0,-0.14814814814814814,-0.16034265007517937,0.28703703703703703
2019-04-12,460.0,580.0,460.0,570.0,0.2391304347826087,0.2144098713454551,0.2608695652173913
2019-04-17,715.0,715.0,715.0,715.0,0.2543859649122807,0.22664618186541174,0.2543859649122807
2019-04-18,730.0,730.0,680.0,680.0,-0.04895104895104895,-0.05018974452385528,0.02097902097902098
2019-04-19,680.0,680.0,680.0,680.0,0.0,0.0,0.0
2019-04-22,715.0,755.0,510.0,620.0,-0.08823529411764706,-0.09237332013101517,0.11029411764705882
2019-04-23,625.0,695.0,615.0,615.0,-0.008064516129032258,-0.008097210232619362,0.12096774193548387
2019-04-24,615.0,615.0,505.0,610.0,-0.008130081300813009,-0.008163310639160981,0.0
2019-04-25,610.0,760.0,470.0,585.0,-0.040983606557377046,-0.04184710993550049,0.2459016393442623
2019-04-26,620.0,650.0,480.0,480.0,-0.1794871794871795,-0.19782574332991992,0.1111111111111111
2019-04-29,480.0,480.0,380.0,420.0,-0.125,-0.13353139262452263,0.0
2019-04-30,410.0,420.0,380.0,380.0,-0.09523809523809523,-0.10008345855698253,0.0
2019-05-02,370.0,370.0,304.0,314.0,-0.1736842105263158,-0.19077826681217808,-0.02631578947368421
2019-05-03,314.0,344.0,306.0,312.0,-0.006369426751592357,-0.00638979809877101,0.09554140127388536
2019-05-07,334.0,336.0,312.0,334.0,0.07051282051282051,0.06813780516721804,0.07692307692307693
2019-05-08,336.0,336.0,280.0,280.0,-0.16167664670658682,-0.17635138980745088,0.005988023952095809
2019-05-09,314.0,314.0,210.0,286.0,0.02142857142857143,0.021202207650602906,0.12142857142857143
2019-05-10,286.0,300.0,280.0,280.0,-0.02097902097902098,-0.021202207650602937,0.04895104895104895
2019-05-13,280.0,292.0,280.0,292.0,0.04285714285714286,0.04196419909903221,0.04285714285714286
2019-05-14,292.0,292.0,284.0,284.0,-0.0273972602739726,-0.027779564107075706,0.0
2019-05-15,280.0,280.0,250.0,250.0,-0.11971830985915492,-0.12751332029895956,-0.014084507042253521
2019-05-16,250.0,250.0,189.0,200.0,-0.2,-0.2231435513142097,0.0
2019-05-17,200.0,220.0,200.0,220.0,0.1,0.09531017980432493,0.1
2019-05-21,234.0,266.0,200.0,266.0,0.20909090909090908,0.18986876242933745,0.20909090909090908
2019-05-22,266.0,330.0,202.0,312.0,0.17293233082706766,0.15950687902778324,0.24060150375939848
2019-05-23,330.0,380.0,252.0,254.0,-0.1858974358974359,-0.2056689207909458,0.21794871794871795
2019-05-24,258.0,280.0,250.0,270.0,0.06299212598425197,0.06108769197983828,0.10236220472440945
2019-05-27,278.0,278.0,256.0,260.0,-0.037037037037037035,-0.037740327982847086,0.02962962962962963
2019-05-28,270.0,270.0,232.0,232.0,-0.1076923076923077,-0.11394425934921772,0.038461538461538464
2019-05-29,240.0,256.0,228.0,228.0,-0.017241379310344827,-0.01739174271186922,0.10344827586206896
2019-05-30,228.0,228.0,228.0,228.0,0.0,0.0,0.0
2019-05-31,228.0,250.0,228.0,228.0,0.0,0.0,0.09649122807017543
2019-06-04,228.0,228.0,228.0,228.0,0.0,0.0,0.0
2019-06-05,228.0,228.0,228.0,228.0,0.0,0.0,0.0
2019-06-06,228.0,228.0,228.0,228.0,0.0,0.0,0.0
2019-06-07,228.0,228.0,228.0,228.0,0.0,0.0,0.0
2019-06-10,228.0,258.0,228.0,246.0,0.07894736842105263,0.07598590697792205,0.13157894736842105
2019-06-11,246.0,248.0,242.0,242.0,-0.016260162601626018,-0.016393809775676383,0.008130081300813009
2019-06-12,246.0,258.0,242.0,258.0,0.06611570247933884,0.06402185876493102,0.06611570247933884
2019-06-13,256.0,256.0,242.0,242.0,-0.06201550387596899,-0.06402185876493102,-0.007751937984496124
2019-06-14,242.0,254.0,230.0,254.0,0.049586776859504134,0.04839654086185024,0.049586776859504134
2019-06-17,232.0,250.0,230.0,250.0,-0.015748031496062992,-0.01587334915629012,-0.015748031496062992
2019-06-18,232.0,260.0,232.0,260.0,0.04,0.03922071315328133,0.04
2019-06-19,250.0,256.0,234.0,256.0,-0.015384615384615385,-0.015504186535965199,-0.015384615384615385
2019-06-20,250.0,256.0,238.0,238.0,-0.0703125,-0.07290677080808779,0.0
2019-06-21,238.0,248.0,238.0,248.0,0.04201680672268908,0.04115807249350755,0.04201680672268908
2019-06-24,248.0,248.0,234.0,236.0,-0.04838709677419355,-0.04959694113937206,0.0
2019-06-25,236.0,238.0,236.0,238.0,0.00847457627118644,0.008438868645864604,0.00847457627118644
2019-06-26,238.0,238.0,230.0,238.0,0.0,0.0,0.0
2019-06-27,238.0,238.0,232.0,236.0,-0.008403361344537815,-0.008438868645864595,0.0
2019-06-28,236.0,236.0,228.0,228.0,-0.03389830508474576,-0.03448617607116932,0.0
2019-07-01,228.0,228.0,226.0,226.0,-0.008771929824561403,-0.00881062968215492,0.0
2019-07-02,212.0,240.0,212.0,226.0,0.0,0.0,0.061946902654867256
2019-07-03,226.0,230.0,212.0,230.0,0.017699115044247787,0.017544309650909525,0.017699115044247787
2019-07-04,230.0,274.0,228.0,240.0,0.043478260869565216,0.0425596144187959,0.19130434782608696
2019-07-05,242.0,260.0,224.0,258.0,0.075,0.07232066157962608,0.08333333333333333
2019-07-08,250.0,274.0,248.0,264.0,0.023255813953488372,0.02298951822469878,0.06201550387596899
2019-07-09,264.0,276.0,250.0,250.0,-0.05303030303030303,-0.05448818528406968,0.045454545454545456
2019-07-10,270.0,270.0,240.0,256.0,0.024,0.023716526617316065,0.08
2019-07-11,256.0,300.0,192.0,192.0,-0.25,-0.2876820724517809,0.171875
2019-07-12,191.0,250.0,125.0,125.0,-0.3489583333333333,-0.4291816347254805,0.3020833333333333
2019-07-15,130.0,135.0,82.0,82.0,-0.344,-0.42159449003804794,0.08
2019-07-17,82.0,95.0,67.0,72.0,-0.12195121951219512,-0.13005312824819779,0.15853658536585366
2019-07-18,75.0,78.0,69.0,71.0,-0.013888888888888888,-0.01398624197473984,0.08333333333333333
2019-07-19,72.0,73.0,68.0,69.0,-0.028169014084507043,-0.028573372444056,0.028169014084507043
2019-07-22,69.0,69.0,69.0,69.0,0.0,0.0,0.0
2019-07-23,69.0,69.0,69.0,69.0,0.0,0.0,0.0
2019-07-24,69.0,69.0,69.0,69.0,0.0,0.0,0.0
2019-07-25,69.0,69.0,69.0,69.0,0.0,0.0,0.0
2019-07-26,69.0,69.0,69.0,69.0,0.0,0.0,0.0
2019-07-30,69.0,69.0,69.0,69.0,0.0,0.0,0.0
2019-07-31,69.0,69.0,69.0,69.0,0.0,0.0,0.0
2019-08-01,69.0,69.0,69.0,69.0,0.0,0.0,0.0
2019-08-02,69.0,69.0,69.0,69.0,0.0,0.0,0.0
2019-08-05,69.0,69.0,69.0,69.0,0.0,0.0,0.0
2019-08-06,69.0,69.0,69.0,69.0,0.0,0.0,0.0
2019-08-07,69.0,69.0,69.0,69.0,0.0,0.0,0.0
2019-08-08,69.0,69.0,69.0,69.0,0.0,0.0,0.0
2019-08-09,69.0,69.0,69.0,69.0,0.0,0.0,0.0
2019-08-13,69.0,69.0,69.0,69.0,0.0,0.0,0.0
2019-08-14,69.0,69.0,69.0,69.0,0.0,0.0,0.0
2019-08-15,69.0,69.0,69.0,69.0,0.0,0.0,0.0
2019-08-16,69.0,69.0,69.0,69.0,0.0,0.0,0.0
2019-08-19,69.0,69.0,69.0,69.0,0.0,0.0,0.0
2019-08-20,69.0,69.0,69.0,69.0,0.0,0.0,0.0
2019-08-21,69.0,69.0,69.0,69.0,0.0,0.0,0.0
2019-08-22,69.0,69.0,69.0,69.0,0.0,0.0,0.0
2019-08-23,71.0,82.0,69.0,72.0,0.043478260869565216,0.0425596144187959,0.18840579710144928
2019-08-26,72.0,72.0,63.0,64.0,-0.1111111111111111,-0.11778303565638351,0.0
2019-08-27,64.0,72.0,63.0,66.0,0.03125,0.030771658666753687,0.125
2019-08-28,67.0,71.0,65.0,66.0,0.0,0.0,0.07575757575757576
2019-08-29,66.0,68.0,65.0,66.0,0.0,0.0,0.030303030303030304
2019-08-30,66.0,67.0,63.0,65.0,-0.015151515151515152,-0.01526747213078842,0.015151515151515152
2019-09-02,65.0,67.0,62.0,63.0,-0.03076923076923077,-0.031252543504104426,0.03076923076923077
2019-09-03,64.0,66.0,63.0,64.0,0.015873015873015872,0.015748356968139112,0.047619047619047616
2019-09-04,64.0,64.0,62.0,63.0,-0.015625,-0.015748356968139168,0.0
2019-09-05,63.0,70.0,63.0,63.0,0.0,0.0,0.1111111111111111
2019-09-06,64.0,67.0,64.0,65.0,0.031746031746031744,0.03125254350410453,0.06349206349206349
2019-09-09,68.0,70.0,66.0,67.0,0.03076923076923077,0.030305349495328843,0.07692307692307693
2019-09-10,67.0,75.0,64.0,73.0,0.08955223880597014,0.0857668217574251,0.11940298507462686
2019-09-11,73.0,80.0,71.0,74.0,0.0136986301369863,0.013605652055778678,0.0958904109589041
2019-09-12,76.0,76.0,72.0,72.0,-0.02702702702702703,-0.027398974188114388,0.02702702702702703
2019-09-13,72.0,75.0,70.0,71.0,-0.013888888888888888,-0.01398624197473984,0.041666666666666664
2019-09-16,72.0,73.0,68.0,68.0,-0.04225352112676056,-0.04317217186520878,0.028169014084507043
2019-09-17,68.0,75.0,67.0,69.0,0.014705882352941176,0.014598799421152631,0.10294117647058823
2019-09-18,73.0,73.0,68.0,69.0,0.0,0.0,0.057971014492753624
2019-09-19,68.0,69.0,67.0,67.0,-0.028985507246376812,-0.02941388520629334,0.0
2019-09-20,67.0,67.0,64.0,66.0,-0.014925373134328358,-0.015037877364540559,0.0
2019-09-23,66.0,72.0,58.0,61.0,-0.07575757575757576,-0.07878087785311434,0.09090909090909091
2019-09-24,59.0,63.0,55.0,58.0,-0.04918032786885246,-0.05043085362689197,0.03278688524590164
2019-09-25,58.0,60.0,57.0,57.0,-0.017241379310344827,-0.01739174271186922,0.034482758620689655
2019-09-26,57.0,59.0,55.0,56.0,-0.017543859649122806,-0.017699577099400975,0.03508771929824561
2019-09-27,57.0,57.0,54.0,54.0,-0.03571428571428571,-0.03636764417087483,0.017857142857142856
2019-09-30,55.0,56.0,53.0,54.0,0.0,0.0,0.037037037037037035
2019-10-01,55.0,56.0,54.0,54.0,0.0,0.0,0.037037037037037035
2019-10-02,55.0,56.0,54.0,56.0,0.037037037037037035,0.03636764417087479,0.037037037037037035
2019-10-03,55.0,56.0,54.0,55.0,-0.017857142857142856,-0.018018505502678365,0.0
2019-10-04,55.0,56.0,54.0,54.0,-0.01818181818181818,-0.01834913866819654,0.01818181818181818
2019-10-07,54.0,56.0,53.0,53.0,-0.018518518518518517,-0.01869213301215252,0.037037037037037035
2019-10-08,53.0,54.0,52.0,52.0,-0.018867924528301886,-0.019048194970694474,0.018867924528301886
2019-10-09,53.0,56.0,52.0,53.0,0.019230769230769232,0.01904819497069441,0.07692307692307693
2019-10-10,54.0,63.0,54.0,59.0,0.11320754716981132,0.10724553035359759,0.18867924528301888
2019-10-11,60.0,68.0,59.0,60.0,0.01694915254237288,0.01680711831638119,0.15254237288135594
2019-10-15,58.0,58.0,55.0,56.0,-0.06666666666666667,-0.06899287148695143,-0.03333333333333333
2019-10-16,56.0,60.0,55.0,57.0,0.017857142857142856,0.017699577099400857,0.07142857142857142
2019-10-17,57.0,58.0,55.0,57.0,0.0,0.0,0.017543859649122806
2019-10-18,57.0,57.0,56.0,56.0,-0.017543859649122806,-0.017699577099400975,0.0
2019-10-21,56.0,57.0,55.0,55.0,-0.017857142857142856,-0.018018505502678365,0.017857142857142856
2019-10-22,56.0,58.0,54.0,55.0,0.0,0.0,0.05454545454545454
2019-10-24,54.0,56.0,53.0,54.0,-0.01818181818181818,-0.01834913866819654,0.01818181818181818
2019-10-25,54.0,55.0,54.0,55.0,0.018518518518518517,0.018349138668196617,0.018518518518518517
2019-10-28,55.0,56.0,54.0,55.0,0.0,0.0,0.01818181818181818
2019-10-29,55.0,55.0,54.0,55.0,0.0,0.0,0.0
2019-10-30,54.0,56.0,54.0,55.0,0.0,0.0,0.01818181818181818
2019-10-31,55.0,56.0,54.0,54.0,-0.01818181818181818,-0.01834913866819654,0.01818181818181818
2019-11-01,55.0,55.0,54.0,54.0,0.0,0.0,0.018518518518518517
2019-11-04,55.0,55.0,52.0,53.0,-0.018518518518518517,-0.01869213301215252,0.018518518518518517
2019-11-05,55.0,56.0,53.0,54.0,0.018867924528301886,0.018692133012152546,0.05660377358490566
2019-11-06,54.0,54.0,50.0,52.0,-0.037037037037037035,-0.037740327982847086,0.0
2019-11-07,52.0,52.0,50.0,50.0,-0.038461538461538464,-0.03922071315328127,0.0
2019-11-08,51.0,51.0,50.0,50.0,0.0,0.0,0.02
2019-11-11,50.0,51.0,50.0,50.0,0.0,0.0,0.02
2019-11-12,50.0,50.0,50.0,50.0,0.0,0.0,0.0
2019-11-13,50.0,54.0,50.0,53.0,0.06,0.058268908123975824,0.08
2019-11-14,55.0,55.0,51.0,51.0,-0.03773584905660377,-0.03846628082779605,0.03773584905660377
2019-11-15,53.0,53.0,50.0,51.0,0.0,0.0,0.0392156862745098
2019-11-18,51.0,51.0,50.0,51.0,0.0,0.0,0.0
2019-11-19,50.0,51.0,50.0,50.0,-0.0196078431372549,-0.019802627296179754,0.0
2019-11-20,50.0,50.0,50.0,50.0,0.0,0.0,0.0
2019-11-21,50.0,50.0,50.0,50.0,0.0,0.0,0.0
2019-11-22,50.0,50.0,50.0,50.0,0.0,0.0,0.0
2019-11-25,50.0,50.0,50.0,50.0,0.0,0.0,0.0
2019-11-26,50.0,50.0,50.0,50.0,0.0,0.0,0.0
2019-11-27,50.0,50.0,50.0,50.0,0.0,0.0,0.0
2019-11-28,50.0,50.0,50.0,50.0,0.0,0.0,0.0
2019-11-29,50.0,50.0,50.0,50.0,0.0,0.0,0.0
2019-12-02,50.0,50.0,50.0,50.0,0.0,0.0,0.0
2019-12-03,50.0,50.0,50.0,50.0,0.0,0.0,0.0
2019-12-04,50.0,50.0,50.0,50.0,0.0,0.0,0.0
2019-12-06,50.0,50.0,50.0,50.0,0.0,0.0,0.0
2019-12-09,50.0,50.0,50.0,50.0,0.0,0.0,0.0
2019-12-11,50.0,50.0,50.0,50.0,0.0,0.0,0.0
2019-12-12,50.0,52.0,50.0,50.0,0.0,0.0,0.04
2019-12-13,50.0,51.0,50.0,50.0,0.0,0.0,0.02
2019-12-16,50.0,52.0,50.0,50.0,0.0,0.0,0.04
2019-12-17,50.0,51.0,50.0,50.0,0.0,0.0,0.02
2019-12-18,50.0,50.0,50.0,50.0,0.0,0.0,0.0
2019-12-19,50.0,50.0,50.0,50.0,0.0,0.0,0.0
2019-12-20,50.0,51.0,50.0,50.0,0.0,0.0,0.02
2019-12-23,50.0,50.0,50.0,50.0,0.0,0.0,0.0
2019-12-24,50.0,50.0,50.0,50.0,0.0,0.0,0.0
2019-12-25,50.0,50.0,50.0,50.0,0.0,0.0,0.0
2019-12-26,50.0,50.0,50.0,50.0,0.0,0.0,0.0
2019-12-27,50.0,50.0,50.0,50.0,0.0,0.0,0.0
2019-12-30,50.0,50.0,50.0,50.0,0.0,0.0,0.0
2020-01-02,50.0,60.0,50.0,50.0,0.0,0.0,0.2
2020-01-03,50.0,54.0,50.0,50.0,0.0,0.0,0.08
2020-01-06,51.0,51.0,50.0,50.0,0.0,0.0,0.02
2020-01-07,51.0,51.0,50.0,50.0,0.0,0.0,0.02
2020-01-08,50.0,51.0,50.0,50.0,0.0,0.0,0.02
2020-01-09,50.0,50.0,50.0,50.0,0.0,0.0,0.0
2020-01-10,50.0,50.0,50.0,50.0,0.0,0.0,0.0
2020-01-13,50.0,50.0,50.0,50.0,0.0,0.0,0.0
2020-01-14,50.0,51.0,50.0,50.0,0.0,0.0,0.02
2020-01-15,50.0,50.0,50.0,50.0,0.0,0.0,0.0
2020-01-16,50.0,50.0,50.0,50.0,0.0,0.0,0.0
2020-01-17,50.0,51.0,50.0,50.0,0.0,0.0,0.02
2020-01-20,50.0,51.0,50.0,50.0,0.0,0.0,0.02
2020-01-21,50.0,50.0,50.0,50.0,0.0,0.0,0.0
2020-01-22,50.0,50.0,50.0,50.0,0.0,0.0,0.0
2020-01-23,50.0,50.0,50.0,50.0,0.0,0.0,0.0
2020-01-24,51.0,51.0,50.0,50.0,0.0,0.0,0.02
2020-01-27,50.0,50.0,50.0,50.0,0.0,0.0,0.0
2020-01-28,50.0,50.0,50.0,50.0,0.0,0.0,0.0
2020-01-29,50.0,50.0,50.0,50.0,0.0,0.0,0.0
2020-01-30,50.0,51.0,50.0,50.0,0.0,0.0,0.02
2020-01-31,50.0,50.0,50.0,50.0,0.0,0.0,0.0
2020-02-03,50.0,50.0,50.0,50.0,0.0,0.0,0.0
2020-02-04,50.0,50.0,50.0,50.0,0.0,0.0,0.0
2020-02-05,50.0,50.0,50.0,50.0,0.0,0.0,0.0
2020-02-06,50.0,50.0,50.0,50.0,0.0,0.0,0.0
2020-02-07,50.0,50.0,50.0,50.0,0.0,0.0,0.0
2020-02-11,50.0,50.0,50.0,50.0,0.0,0.0,0.0
2020-02-12,50.0,50.0,50.0,50.0,0.0,0.0,0.0
2020-02-13,50.0,50.0,50.0,50.0,0.0,0.0,0.0
2020-02-14,50.0,50.0,50.0,50.0,0.0,0.0,0.0
2020-02-17,50.0,50.0,50.0,50.0,0.0,0.0,0.0
2020-02-18,50.0,50.0,50.0,50.0,0.0,0.0,0.0
2020-02-19,50.0,50.0,50.0,50.0,0.0,0.0,0.0
2020-02-20,50.0,50.0,50.0,50.0,0.0,0.0,0.0
2020-02-21,50.0,50.0,50.0,50.0,0.0,0.0,0.0
2020-02-24,50.0,50.0,50.0,50.0,0.0,0.0,0.0
2020-02-25,50.0,50.0,50.0,50.0,0.0,0.0,0.0
2020-02-26,50.0,50.0,50.0,50.0,0.0,0.0,0.0
2020-02-27,50.0,50.0,50.0,50.0,0.0,0.0,0.0
2020-02-28,50.0,50.0,50.0,50.0,0.0,0.0,0.0
2020-03-02,50.0,50.0,50.0,50.0,0.0,0.0,0.0
2020-03-03,50.0,50.0,50.0,50.0,0.0,0.0,0.0
2020-03-04,50.0,50.0,50.0,50.0,0.0,0.0,0.0
2020-03-05,50.0,50.0,50.0,50.0,0.0,0.0,0.0
2020-03-06,50.0,50.0,50.0,50.0,0.0,0.0,0.0
2020-03-09,50.0,50.0,50.0,50.0,0.0,0.0,0.0
2020-03-10,50.0,50.0,50.0,50.0,0.0,0.0,0.0
2020-03-11,50.0,50.0,50.0,50.0,0.0,0.0,0.0
2020-03-12,50.0,50.0,50.0,50.0,0.0,0.0,0.0
2020-03-13,50.0,50.0,50.0,50.0,0.0,0.0,0.0
2020-03-16,50.0,50.0,50.0,50.0,0.0,0.0,0.0
2020-03-17,50.0,50.0,50.0,50.0,0.0,0.0,0.0
2020-03-18,50.0,50.0,50.0,50.0,0.0,0.0,0.0
2020-03-19,50.0,50.0,50.0,50.0,0.0,0.0,0.0
2020-03-20,50.0,50.0,50.0,50.0,0.0,0.0,0.0
2020-03-23,50.0,50.0,50.0,50.0,0.0,0.0,0.0
2020-03-24,50.0,50.0,50.0,50.0,0.0,0.0,0.0
2020-03-25,50.0,50.0,50.0,50.0,0.0,0.0,0.0
2020-03-26,50.0,50.0,50.0,50.0,0.0,0.0,0.0
2020-03-27,50.0,50.0,50.0,50.0,0.0,0.0,0.0
2020-03-30,50.0,50.0,50.0,50.0,0.0,0.0,0.0
2020-03-31,50.0,50.0,50.0,50.0,0.0,0.0,0.0
2020-04-01,50.0,50.0,50.0,50.0,0.0,0.0,0.0
2020-04-02,50.0,50.0,50.0,50.0,0.0,0.0,0.0
2020-04-03,50.0,50.0,50.0,50.0,0.0,0.0,0.0
2020-04-07,50.0,50.0,50.0,50.0,0.0,0.0,0.0
2020-04-08,50.0,50.0,50.0,50.0,0.0,0.0,0.0
2020-04-09,50.0,50.0,50.0,50.0,0.0,0.0,0.0
2020-04-10,50.0,50.0,50.0,50.0,0.0,0.0,0.0
2020-04-13,50.0,50.0,50.0,50.0,0.0,0.0,0.0
2020-04-14,50.0,50.0,50.0,50.0,0.0,0.0,0.0
2020-04-15,50.0,50.0,50.0,50.0,0.0,0.0,0.0
2020-04-16,50.0,50.0,50.0,50.0,0.0,0.0,0.0
2020-04-17,50.0,50.0,50.0,50.0,0.0,0.0,0.0
2020-04-20,50.0,50.0,50.0,50.0,0.0,0.0,0.0
2020-04-21,50.0,50.0,50.0,50.0,0.0,0.0,0.0
2020-04-22,50.0,50.0,50.0,50.0,0.0,0.0,0.0
2020-04-23,50.0,50.0,50.0,50.0,0.0,0.0,0.0
2020-04-24,50.0,50.0,50.0,50.0,0.0,0.0,0.0
2020-04-27,50.0,50.0,50.0,50.0,0.0,0.0,0.0
2020-04-28,50.0,50.0,50.0,50.0,0.0,0.0,0.0
2020-04-29,50.0,50.0,50.0,50.0,0.0,0.0,0.0
2020-04-30,50.0,50.0,50.0,50.0,0.0,0.0,0.0
2020-05-05,50.0,51.0,50.0,50.0,0.0,0.0,0.02
2020-05-07,50.0,51.0,50.0,50.0,0.0,0.0,0.02
2020-05-08,50.0,50.0,50.0,50.0,0.0,0.0,0.0
2020-05-11,50.0,50.0,50.0,50.0,0.0,0.0,0.0
2020-05-12,50.0,51.0,50.0,50.0,0.0,0.0,0.02
2020-05-13,50.0,50.0,50.0,50.0,0.0,0.0,0.0
2020-05-14,50.0,50.0,50.0,50.0,0.0,0.0,0.0
2020-05-15,50.0,50.0,50.0,50.0,0.0,0.0,0.0
2020-05-18,50.0,50.0,50.0,50.0,0.0,0.0,0.0
2020-05-19,50.0,50.0,50.0,50.0,0.0,0.0,0.0
2020-05-20,50.0,50.0,50.0,50.0,0.0,0.0,0.0
2020-05-21,50.0,50.0,50.0,50.0,0.0,0.0,0.0
2020-05-22,50.0,50.0,50.0,50.0,0.0,0.0,0.0
2020-05-25,50.0,50.0,50.0,50.0,0.0,0.0,0.0
2020-05-26,50.0,50.0,50.0,50.0,0.0,0.0,0.0
2020-05-27,50.0,50.0,50.0,50.0,0.0,0.0,0.0
2020-05-28,50.0,50.0,50.0,50.0,0.0,0.0,0.0
2020-05-29,50.0,50.0,50.0,50.0,0.0,0.0,0.0
2020-06-01,50.0,50.0,50.0,50.0,0.0,0.0,0.0
2020-06-02,50.0,50.0,50.0,50.0,0.0,0.0,0.0
2020-06-04,50.0,50.0,50.0,50.0,0.0,0.0,0.0
2020-06-05,50.0,50.0,50.0,50.0,0.0,0.0,0.0
2020-06-08,50.0,50.0,50.0,50.0,0.0,0.0,0.0
2020-06-09,50.0,50.0,50.0,50.0,0.0,0.0,0.0
2020-06-10,50.0,50.0,50.0,50.0,0.0,0.0,0.0
2020-06-11,50.0,50.0,50.0,50.0,0.0,0.0,0.0
2020-06-12,50.0,50.0,50.0,50.0,0.0,0.0,0.0
2020-06-15,50.0,50.0,50.0,50.0,0.0,0.0,0.0
2020-06-16,50.0,50.0,50.0,50.0,0.0,0.0,0.0
2020-06-17,50.0,50.0,50.0,50.0,0.0,0.0,0.0
2020-06-18,50.0,50.0,50.0,50.0,0.0,0.0,0.0
2020-06-19,50.0,50.0,50.0,50.0,0.0,0.0,0.0
2020-06-22,50.0,50.0,50.0,50.0,0.0,0.0,0.0
2020-06-23,50.0,50.0,50.0,50.0,0.0,0.0,0.0
2020-06-24,50.0,50.0,50.0,50.0,0.0,0.0,0.0
2020-06-25,50.0,50.0,50.0,50.0,0.0,0.0,0.0
2020-06-26,50.0,50.0,50.0,50.0,0.0,0.0,0.0
2020-06-29,50.0,50.0,50.0,50.0,0.0,0.0,0.0
2020-06-30,50.0,50.0,50.0,50.0,0.0,0.0,0.0
2020-07-01,50.0,50.0,50.0,50.0,0.0,0.0,0.0
2020-07-02,50.0,50.0,50.0,50.0,0.0,0.0,0.0
2020-07-03,50.0,50.0,50.0,50.0,0.0,0.0,0.0
2020-07-07,50.0,50.0,50.0,50.0,0.0,0.0,0.0
2020-07-08,50.0,50.0,50.0,50.0,0.0,0.0,0.0
2020-07-09,50.0,50.0,50.0,50.0,0.0,0.0,0.0
2020-07-10,50.0,50.0,50.0,50.0,0.0,0.0,0.0
2020-07-13,50.0,50.0,50.0,50.0,0.0,0.0,0.0
2020-07-14,50.0,50.0,50.0,50.0,0.0,0.0,0.0
2020-07-15,50.0,50.0,50.0,50.0,0.0,0.0,0.0
2020-07-16,50.0,50.0,50.0,50.0,0.0,0.0,0.0
2020-07-17,50.0,50.0,50.0,50.0,0.0,0.0,0.0
2020-07-20,50.0,59.0,50.0,53.0,0.06,0.058268908123975824,0.18
2020-07-21,53.0,53.0,50.0,52.0,-0.018867924528301886,-0.019048194970694474,0.0
2020-07-22,53.0,54.0,50.0,53.0,0.019230769230769232,0.01904819497069441,0.038461538461538464
2020-07-23,53.0,56.0,52.0,52.0,-0.018867924528301886,-0.019048194970694474,0.05660377358490566
2020-07-24,52.0,53.0,50.0,50.0,-0.038461538461538464,-0.03922071315328127,0.019230769230769232
2020-07-29,53.0,55.0,50.0,52.0,0.04,0.03922071315328133,0.1
2020-07-30,52.0,52.0,50.0,50.0,-0.038461538461538464,-0.03922071315328127,0.0
2020-07-31,52.0,52.0,50.0,50.0,0.0,0.0,0.04
2020-08-03,51.0,52.0,50.0,50.0,0.0,0.0,0.04
2020-08-04,50.0,51.0,50.0,50.0,0.0,0.0,0.02
2020-08-05,50.0,51.0,50.0,50.0,0.0,0.0,0.02
2020-08-06,50.0,50.0,50.0,50.0,0.0,0.0,0.0
2020-08-07,50.0,50.0,50.0,50.0,0.0,0.0,0.0
2020-08-10,50.0,50.0,50.0,50.0,0.0,0.0,0.0
2020-08-11,50.0,50.0,50.0,50.0,0.0,0.0,0.0
2020-08-13,50.0,50.0,50.0,50.0,0.0,0.0,0.0
2020-08-14,50.0,51.0,50.0,50.0,0.0,0.0,0.02
2020-08-17,50.0,51.0,50.0,50.0,0.0,0.0,0.02
2020-08-18,50.0,50.0,50.0,50.0,0.0,0.0,0.0
2020-08-19,50.0,50.0,50.0,50.0,0.0,0.0,0.0
2020-08-20,50.0,50.0,50.0,50.0,0.0,0.0,0.0
2020-08-21,50.0,50.0,50.0,50.0,0.0,0.0,0.0
2020-08-24,50.0,50.0,50.0,50.0,0.0,0.0,0.0
2020-08-25,50.0,50.0,50.0,50.0,0.0,0.0,0.0
2020-08-26,50.0,51.0,50.0,50.0,0.0,0.0,0.02
2020-08-27,50.0,52.0,50.0,50.0,0.0,0.0,0.04
2020-08-28,50.0,50.0,50.0,50.0,0.0,0.0,0.0
2020-08-31,50.0,50.0,50.0,50.0,0.0,0.0,0.0
2020-09-01,50.0,50.0,50.0,50.0,0.0,0.0,0.0
2020-09-02,50.0,50.0,50.0,50.0,0.0,0.0,0.0
2020-09-03,50.0,51.0,50.0,50.0,0.0,0.0,0.02
2020-09-08,51.0,51.0,50.0,50.0,0.0,0.0,0.02
2020-09-09,50.0,51.0,50.0,50.0,0.0,0.0,0.02
2020-09-10,50.0,50.0,50.0,50.0,0.0,0.0,0.0
2020-09-11,50.0,50.0,50.0,50.0,0.0,0.0,0.0
2020-09-14,50.0,50.0,50.0,50.0,0.0,0.0,0.0
2020-09-15,50.0,50.0,50.0,50.0,0.0,0.0,0.0
2020-09-16,51.0,51.0,50.0,50.0,0.0,0.0,0.02
2020-09-17,50.0,50.0,50.0,50.0,0.0,0.0,0.0
2020-09-18,50.0,50.0,50.0,50.0,0.0,0.0,0.0
2020-09-21,50.0,50.0,50.0,50.0,0.0,0.0,0.0
2020-09-22,50.0,50.0,50.0,50.0,0.0,0.0,0.0
2020-09-23,50.0,50.0,50.0,50.0,0.0,0.0,0.0
2020-09-24,50.0,50.0,50.0,50.0,0.0,0.0,0.0
2020-09-25,50.0,50.0,50.0,50.0,0.0,0.0,0.0
2020-09-28,50.0,50.0,50.0,50.0,0.0,0.0,0.0
2020-09-29,50.0,50.0,50.0,50.0,0.0,0.0,0.0
2020-09-30,50.0,50.0,50.0,50.0,0.0,0.0,0.0
2020-10-01,50.0,50.0,50.0,50.0,0.0,0.0,0.0
2020-10-02,50.0,50.0,50.0,50.0,0.0,0.0,0.0
2020-10-05,50.0,51.0,50.0,50.0,0.0,0.0,0.02
2020-10-06,51.0,51.0,50.0,50.0,0.0,0.0,0.02
2020-10-07,50.0,50.0,50.0,50.0,0.0,0.0,0.0
2020-10-08,50.0,59.0,50.0,55.0,0.1,0.09531017980432493,0.18
2020-10-09,56.0,61.0,55.0,59.0,0.07272727272727272,0.07020425867324856,0.10909090909090909
2020-10-12,59.0,63.0,57.0,60.0,0.01694915254237288,0.01680711831638119,0.06779661016949153
2020-10-14,63.0,65.0,59.0,59.0,-0.016666666666666666,-0.01680711831638129,0.08333333333333333
2020-10-15,60.0,60.0,57.0,57.0,-0.03389830508474576,-0.03448617607116932,0.01694915254237288
2020-10-16,59.0,59.0,57.0,57.0,0.0,0.0,0.03508771929824561
2020-10-19,57.0,58.0,54.0,56.0,-0.017543859649122806,-0.017699577099400975,0.017543859649122806
2020-10-20,56.0,56.0,54.0,55.0,-0.017857142857142856,-0.018018505502678365,0.0
2020-10-21,54.0,62.0,53.0,53.0,-0.03636363636363636,-0.0370412716803491,0.12727272727272726
2020-10-22,51.0,54.0,51.0,52.0,-0.018867924528301886,-0.019048194970694474,0.018867924528301886
2020-10-26,52.0,58.0,52.0,53.0,0.019230769230769232,0.01904819497069441,0.11538461538461539
2020-10-27,53.0,56.0,52.0,52.0,-0.018867924528301886,-0.019048194970694474,0.05660377358490566
2020-10-28,53.0,56.0,52.0,52.0,0.0,0.0,0.07692307692307693
2020-10-29,53.0,56.0,52.0,52.0,0.0,0.0,0.07692307692307693
2020-10-30,53.0,56.0,52.0,52.0,0.0,0.0,0.07692307692307693
2020-11-02,53.0,53.0,51.0,51.0,-0.019230769230769232,-0.019418085857101627,0.019230769230769232
2020-11-03,54.0,61.0,52.0,57.0,0.11764705882352941,0.1112256351102244,0.19607843137254902
2020-11-04,57.0,59.0,54.0,54.0,-0.05263157894736842,-0.05406722127027582,0.03508771929824561
2020-11-05,54.0,56.0,53.0,54.0,0.0,0.0,0.037037037037037035
2020-11-06,55.0,56.0,54.0,56.0,0.037037037037037035,0.03636764417087479,0.037037037037037035
2020-11-09,56.0,62.0,54.0,57.0,0.017857142857142856,0.017699577099400857,0.10714285714285714
2020-11-10,60.0,60.0,56.0,60.0,0.05263157894736842,0.05129329438755048,0.05263157894736842
2020-11-11,60.0,60.0,56.0,57.0,-0.05,-0.05129329438755058,0.0
2020-11-12,58.0,69.0,58.0,68.0,0.19298245614035087,0.1764564373415565,0.21052631578947367
2020-11-13,69.0,73.0,64.0,65.0,-0.04411764705882353,-0.045120435280469544,0.07352941176470588
2020-11-16,65.0,67.0,62.0,62.0,-0.046153846153846156,-0.0472528848505455,0.03076923076923077
2020-11-17,63.0,71.0,63.0,67.0,0.08064516129032258,0.07755823434587444,0.14516129032258066
2020-11-18,68.0,68.0,64.0,66.0,-0.014925373134328358,-0.015037877364540559,0.014925373134328358
2020-11-19,66.0,71.0,66.0,70.0,0.06060606060606061,0.058840500022933395,0.07575757575757576
2020-11-20,70.0,72.0,70.0,71.0,0.014285714285714285,0.014184634991956381,0.02857142857142857
2020-11-23,71.0,77.0,71.0,75.0,0.056338028169014086,0.05480823649499495,0.08450704225352113
2020-11-24,75.0,77.0,73.0,74.0,-0.013333333333333334,-0.013423020332140661,0.02666666666666667
2020-11-25,74.0,75.0,69.0,69.0,-0.06756756756756757,-0.06995858860691034,0.013513513513513514
2020-11-26,70.0,72.0,69.0,70.0,0.014492753623188406,0.01438873745209967,0.043478260869565216
2020-11-27,70.0,74.0,69.0,70.0,0.0,0.0,0.05714285714285714
2020-11-30,70.0,73.0,67.0,69.0,-0.014285714285714285,-0.014388737452099556,0.04285714285714286
2020-12-01,72.0,73.0,68.0,68.0,-0.014492753623188406,-0.014598799421152636,0.057971014492753624
2020-12-02,68.0,69.0,66.0,68.0,0.0,0.0,0.014705882352941176
2020-12-03,68.0,70.0,67.0,68.0,0.0,0.0,0.029411764705882353
2020-12-04,68.0,70.0,67.0,68.0,0.0,0.0,0.029411764705882353
2020-12-08,69.0,69.0,67.0,69.0,0.014705882352941176,0.014598799421152631,0.014705882352941176
2020-12-09,69.0,69.0,67.0,69.0,0.0,0.0,0.0
2020-12-14,82.0,83.0,76.0,77.0,0.11594202898550725,0.10969891725642453,0.2028985507246377
2020-12-15,77.0,84.0,74.0,79.0,0.025974025974025976,0.025642430613337652,0.09090909090909091
2020-12-16,79.0,83.0,76.0,78.0,-0.012658227848101266,-0.012739025777429714,0.05063291139240506
2020-12-17,78.0,78.0,73.0,76.0,-0.02564102564102564,-0.025975486403260677,0.0
2020-12-18,76.0,76.0,72.0,73.0,-0.039473684210526314,-0.04027389913793996,0.0
2020-12-21,73.0,78.0,73.0,74.0,0.0136986301369863,0.013605652055778678,0.0684931506849315
2020-12-22,74.0,74.0,71.0,72.0,-0.02702702702702703,-0.027398974188114388,0.0
2020-12-23,72.0,80.0,71.0,74.0,0.027777777777777776,0.027398974188114347,0.1111111111111111
2020-12-24,72.0,80.0,71.0,74.0,0.0,0.0,0.08108108108108109
2020-12-25,72.0,80.0,71.0,74.0,0.0,0.0,0.08108108108108109
2020-12-28,75.0,80.0,73.0,76.0,0.02702702702702703,0.026668247082161273,0.08108108108108109
2020-12-29,76.0,76.0,73.0,73.0,-0.039473684210526314,-0.04027389913793996,0.0
2020-12-30,73.0,76.0,68.0,76.0,0.0410958904109589,0.0402738991379399,0.0410958904109589
