Date,Open,High,Low,Close,return,log_return
2015-01-06,147.78571330325704,147.78571330325704,132.02190388424296,139.90380859375,0.05185185865016756,0.05055228562601868
2015-01-07,147.78570556640625,147.78570556640625,147.78570556640625,147.78570556640625,0.0563379728677977,0.05480818414317551
2015-01-08,142.85952758789062,142.85952758789062,142.85952758789062,142.85952758789062,-0.03333325073379366,-0.03390146622788535
2015-01-09,133.9923819405692,137.93333435058594,133.9923819405692,137.93333435058594,-0.03448277703616215,-0.03509133888443817
2015-01-12,136.94809149303575,136.94809149303575,134.9776153564453,134.9776153564453,-0.021428605406058388,-0.02166153150269952
2015-01-13,134.9776200430734,137.93333435058594,133.00714383806502,137.93333435058594,0.0218978457008241,0.021661531502699498
2015-01-14,137.93333435058594,137.93333435058594,137.93333435058594,137.93333435058594,0.0,0.0
2015-01-15,137.93333435058594,137.93333435058594,137.93333435058594,137.93333435058594,0.0,0.0
2015-01-16,132.0218963623047,141.87427668784983,132.0218963623047,132.0218963623047,-0.042857210812116776,-0.04380269365612942
2015-01-19,132.0218963623047,132.0218963623047,132.0218963623047,132.0218963623047,0.0,0.0
2015-01-20,132.0218963623047,132.0218963623047,132.0218963623047,132.0218963623047,0.0,0.0
2015-01-21,133.0071373809156,137.93332765428283,133.0071373809156,136.94808959960938,0.037313456123867876,0.036634155630127646
2015-01-22,141.87428385416666,141.87428385416666,132.02190303096066,133.00714111328125,-0.02877695116339444,-0.029199126630868794
2015-01-23,134.9776153564453,134.9776153564453,134.9776153564453,134.9776153564453,0.01481480036839393,0.014706133154171094
2015-01-26,133.00714575726053,137.93333634086278,133.00714575726053,135.96286010742188,0.007299319582545255,0.007272808479866255
2015-01-27,133.99238116042056,133.99238116042056,130.0514287733494,131.0366668701172,-0.036231903575819076,-0.036904577187052874
2015-01-28,135.96285039728338,135.96285039728338,130.05142211914062,130.05142211914062,-0.007518847773754285,-0.007547256801363965
2015-01-29,130.0514287733494,132.021904966885,125.1252382895104,131.0366668701172,0.007575809129360968,0.007547256801363904
2015-01-30,131.03666400909424,132.0219020843506,126.1104736328125,126.1104736328125,-0.0375940059753466,-0.03831888613589538
2015-02-02,128.08094602642635,133.99237430456913,127.09570798006924,130.05142211914062,0.03124996975114631,0.030771629334531543
2015-02-03,134.9776143000676,134.9776143000676,128.08094787597656,128.08094787597656,-0.015151500929831457,-0.01526745769030967
2015-02-04,128.08094787597656,133.00713817889874,128.08094787597656,128.08094787597656,0.0,0.0
2015-02-05,126.1104736328125,127.09571170806883,126.1104736328125,126.1104736328125,-0.015384600721975556,-0.015504171644221795
2015-02-06,126.1104681669776,132.0218963623047,124.1399921018686,132.0218963623047,0.046874954626719464,0.045809492689652224
2015-02-09,126.11047453703704,133.00714111328125,126.11047453703704,133.00714111328125,0.007462737455859426,0.007435028999258675
2015-02-10,128.08094787597656,128.08094787597656,128.08094787597656,128.08094787597656,-0.03703705828177363,-0.037740350044689105
2015-02-11,129.06618785858154,131.03666400909424,126.1104736328125,126.1104736328125,-0.015384600721975556,-0.015504171644221795
2015-02-12,126.1104681669776,132.0218963623047,126.1104681669776,132.0218963623047,0.046874954626719464,0.045809492689652224
2015-02-13,127.09571075439452,131.03666302584864,127.09571075439452,127.09571075439452,-0.03731339833501067,-0.038027359751188976
2015-02-16,126.11047459399605,126.11047459399605,125.12523651123044,125.12523651123048,-0.015503861078143442,-0.01562530277773054
2015-02-17,125.12523555755617,126.1104736328125,125.12523555755617,126.1104736328125,0.007874008066259184,0.007843169839267366
2015-02-18,132.0219001183143,132.0219001183143,123.1547575730544,128.08094787597656,0.015624984875573155,0.01550417164422181
2015-02-19,132.0219001183143,132.0219001183143,123.1547575730544,128.08094787597656,0.0,0.0
2015-02-20,128.08095070167826,136.94809344256367,125.12523645471644,133.00714111328125,0.03846156137191319,0.03774035004468918
2015-02-23,133.00714111328125,133.00714111328125,133.00714111328125,133.00714111328125,0.0,0.0
2015-02-24,137.93333435058594,137.93333435058594,137.93333435058594,137.93333435058594,0.03703705828177363,0.03636766465687063
2015-02-25,137.93333435058594,137.93333435058594,137.93333435058594,137.93333435058594,0.0,0.0
2015-02-26,137.93333435058594,137.93333435058594,137.93333435058594,137.93333435058594,0.0,0.0
2015-02-27,137.93333435058594,137.93333435058594,137.93333435058594,137.93333435058594,0.0,0.0
2015-03-02,137.93332765428283,138.9185657089563,128.08094710754835,136.94808959960938,-0.007142905343478179,-0.007168538026001802
2015-03-03,129.0661851622218,136.94808959960938,128.08094710754835,136.94808959960938,0.0,0.0
2015-03-05,135.96286010742188,135.96286010742188,126.1104789402174,135.96286010742188,-0.007194182080728421,-0.00722018499683144
2015-03-06,128.08094710754835,136.94808959960938,128.08094710754835,136.94808959960938,0.007246313378588001,0.007220184996831496
2015-03-09,127.09571267676164,134.9776173388864,125.12523651123044,125.12523651123048,-0.08633090920030341,-0.09028681815904713
2015-03-10,137.93332268210017,137.93332268210017,121.18427635641658,133.99237060546875,0.07086607259633357,0.06846773471668183
2015-03-11,133.99237060546875,133.99237060546875,133.99237060546875,133.99237060546875,0.0,0.0
2015-03-12,126.1104736328125,126.1104736328125,126.1104736328125,126.1104736328125,-0.05882347582209699,-0.06062456487741454
2015-03-13,133.9923831852338,133.9923831852338,128.080954515297,129.06619262695312,0.02343753781106711,0.02316709622669856
2015-03-16,129.06618689012157,129.06618689012157,124.13999655080396,127.09571075439452,-0.015267219342667034,-0.015384963288235338
2015-03-17,132.02190109371216,133.9923772294392,118.22856814362282,127.09571075439452,0.0,0.0
2015-03-18,127.09571075439452,127.09571075439452,127.09571075439452,127.09571075439452,0.0,0.0
2015-03-19,127.09571466064456,127.09571466064456,118.22857177734376,123.1547622680664,-0.03100772215628722,-0.03149863632465987
2015-03-20,120.19904797363282,123.15476226806642,118.22857177734376,123.1547622680664,0.0,0.0
2015-03-23,131.03666016549775,131.03666016549775,129.0661840727835,130.05142211914062,0.055999944493112776,0.05448813272072814
2015-03-24,130.05142211914062,130.05142211914062,130.05142211914062,130.05142211914062,0.0,0.0
2015-03-25,128.08094882225805,128.08094882225805,117.2433300757593,127.09571075439452,-0.022727251394747294,-0.0229894963960683
2015-03-26,127.09571075439452,127.09571075439452,127.09571075439452,127.09571075439452,0.0,0.0
2015-03-27,121.18428424226136,126.11047465861346,117.2433319091797,117.24333190917967,-0.07751936541945169,-0.08068889561240562
2015-03-30,122.1695223255318,122.1695223255318,117.2433319091797,117.24333190917967,0.0,0.0
2015-03-31,118.22856903076172,118.22856903076172,118.22856903076172,118.22856903076172,0.00840335314203831,0.00836824153637114
2015-04-01,116.25808899978112,118.22856508452318,114.28761291503908,114.28761291503906,-0.03333336559877727,-0.033901585053727396
2015-04-02,113.30238146659654,117.24333386543468,110.34666716746794,115.27285766601562,0.008620748354495682,0.008583801889009524
2015-04-03,113.30238146659654,117.24333386543468,110.34666716746794,115.27285766601562,0.0,0.0
2015-04-07,114.28761384383492,114.28761384383492,111.33189969270128,113.30237579345705,-0.01709406630889407,-0.017241856505295212
2015-04-08,117.24333287901798,117.24333287901798,116.25809478759766,116.25809478759766,0.026086999265829136,0.02575253775978957
2015-04-09,116.25809478759766,118.2285709704383,116.25809478759766,116.25809478759766,0.0,0.0
2015-04-10,117.24333287901798,128.08095188464148,116.25809478759766,116.25809478759766,0.0,0.0
2015-04-16,112.31714057922365,118.22856903076172,112.31714057922365,118.22856903076172,0.016949135858144747,0.016807101910223523
2015-04-17,117.24333287901798,118.2285709704383,115.27285669617734,116.25809478759766,-0.0166666505339447,-0.01680710191022341
2015-04-20,110.34666442871094,118.22856903076172,110.34666442871094,118.22856903076172,0.016949135858144747,0.016807101910223523
2015-04-21,118.22856903076172,118.22856903076172,118.22856903076172,118.22856903076172,0.0,0.0
2015-04-22,117.2433319091797,117.2433319091797,117.2433319091797,117.24333190917967,-0.00833332526697247,-0.008368241536371265
2015-04-23,116.25809382590928,117.2433319091797,116.25809382590928,117.24333190917967,0.0,0.0
2015-04-24,117.24333095550536,118.22856903076172,117.24333095550536,118.22856903076172,0.00840335314203831,0.00836824153637114
2015-04-27,118.22856903076172,118.22856903076172,118.22856903076172,118.22856903076172,0.0,0.0
2015-04-28,117.2433319091797,117.2433319091797,110.34666532628675,117.24333190917967,-0.00833332526697247,-0.008368241536371265
2015-04-29,116.25809478759766,117.24333287901798,116.25809478759766,116.25809478759766,-0.008403353142038068,-0.00843886037385224
2015-04-30,114.28761291503908,114.28761291503908,111.331898787926,114.28761291503906,-0.016949201482775404,-0.017094483143503973
2015-05-04,111.3319006133498,114.28761478892544,101.4795200280976,112.317138671875,-0.017241363196805106,-0.01739172631563595
2015-05-06,108.37619018554688,113.3023806485263,108.37619018554688,108.37619018554688,-0.03508768593047293,-0.03571804802093362
2015-05-07,112.3171425559304,112.3171425559304,104.43523781516336,108.37619018554688,0.0,0.0
2015-05-08,108.37619018554688,109.36142827814275,105.42047590775924,108.37619018554688,0.0,0.0
2015-05-11,108.3761900562351,116.25809478759766,108.3761900562351,116.25809478759766,0.07272727144732126,0.07020425748007345
2015-05-12,109.36142541665949,116.25809188437674,108.37618734984272,111.33190155029295,-0.04237290526999265,-0.043296830725529166
2015-05-13,111.33190155029298,111.33190155029298,111.33190155029298,111.33190155029295,0.0,0.0
2015-05-14,111.33190155029298,111.33190155029298,111.33190155029298,111.33190155029295,0.0,0.0
2015-05-15,116.25809478759766,116.25809478759766,116.25809478759766,116.25809478759766,0.04424781368778964,0.043296830725529305
2015-05-18,116.25809478759766,116.25809478759766,116.25809478759766,116.25809478759766,0.0,0.0
2015-05-19,116.25809478759766,116.25809478759766,116.25809478759766,116.25809478759766,0.0,0.0
2015-05-20,106.40570857607086,116.25808899978112,103.44999444895778,114.28761291503906,-0.016949201482775404,-0.017094483143503973
2015-05-21,106.4057147686298,115.2728576660156,106.4057147686298,115.27285766601562,0.008620748354495682,0.008583801889009524
2015-05-22,117.2433319091797,117.2433319091797,117.2433319091797,117.24333190917967,0.017094000123369694,0.0169495416283467
2015-05-25,107.390952241187,107.390952241187,97.53857130162856,100.4942855834961,-0.1428571335609765,-0.15415066898173096
2015-05-26,99.50904468354724,107.39094921293712,98.52380661737352,103.4499969482422,0.029411735678148018,0.02898750867488141
2015-05-27,99.50904748954024,106.40571414723117,99.50904748954024,100.4942855834961,-0.02857140117872503,-0.028987508674881396
2015-05-28,106.40571212768556,118.22856903076172,102.46475982666016,102.46475982666016,0.019607823785431917,0.019418066877428964
2015-05-29,102.46475982666016,103.4499979019165,99.50904560089111,102.46475982666016,0.0,0.0
2015-06-02,102.46475982666016,103.4499979019165,99.50904560089111,102.46475982666016,0.0,0.0
2015-06-03,100.494286353435,107.39095306396484,100.494286353435,107.39095306396484,0.04807695099894187,0.046957009728962884
2015-06-04,99.50904653604748,102.46476078959346,98.52380845153216,101.47952270507812,-0.055045887853939775,-0.056618911242997796
2015-06-05,103.44999880404086,118.228570061761,103.44999880404086,109.3614273071289,0.07766990218270275,0.07480121240538651
2015-06-08,103.44999986536362,103.44999986536362,100.4942855834961,100.4942855834961,-0.08108107165363224,-0.08455737776878051
2015-06-09,98.52380654246537,102.46475880416398,95.5680923461914,95.5680923461914,-0.049019635382269965,-0.05026186373956429
2015-06-10,95.5680924188523,103.4499969482422,95.5680924188523,103.4499969482422,0.08247422762713445,0.07924937241444567
2015-06-11,105.42047686095631,107.39095306396484,105.42047686095631,107.39095306396484,0.03809527532121987,0.03738756793151033
2015-06-12,89.65666402180989,107.39094921293712,89.65666402180989,103.4499969482422,-0.03669728225035219,-0.03738756793151038
2015-06-15,103.4499969482422,103.4499969482422,98.52380661737352,103.4499969482422,0.0,0.0
2015-06-16,102.46475982666016,102.46475982666016,102.46475982666016,102.46475982666016,-0.009523800392908436,-0.009569441797452555
2015-06-17,102.46476078959346,102.46476078959346,94.58285611347088,101.47952270507812,-0.009615375308045019,-0.009661901514034817
2015-06-18,101.47952466908067,101.47952466908067,99.50904846191403,99.50904846191406,-0.019417456750271633,-0.01960845203469311
2015-06-19,99.50904846191403,99.50904846191403,99.50904846191403,99.50904846191406,0.0,0.0
2015-06-22,101.47951782226562,101.47951782226562,98.52380371093749,98.5238037109375,-0.009901056900907394,-0.009950398323086801
2015-06-23,98.52380371093749,98.52380371093749,98.52380371093749,98.5238037109375,0.0,0.0
2015-06-24,97.53856658935544,97.53856658935544,97.53856658935544,97.53856658935548,-0.009999990707551643,-0.010050326467190012
2015-06-25,98.52380845153216,101.47952270507812,97.53857036701685,101.47952270507812,0.04040408069881072,0.03960917682496987
2015-06-26,95.56808959960937,101.47951782226562,91.62713745117186,98.5238037109375,-0.02912626030702368,-0.02955885035777997
2015-06-29,101.47952270507812,101.47952270507812,101.47952270507812,101.47952270507812,0.030000049559723803,0.029558850357780046
2015-06-30,89.65666742608097,99.50904846191403,88.67142932249767,99.50904846191406,-0.019417456750271633,-0.01960845203469311
2015-07-02,101.47952270507812,101.47952270507812,101.47952270507812,101.47952270507812,0.019801960461095544,0.01960845203469308
2015-07-03,101.47952081589472,103.4499969482422,101.47952081589472,103.4499969482422,0.01941745675027177,0.019231343311487428
2015-07-06,103.0,103.0,95.0,95.0,-0.08168194487690396,-0.08521148309117704
2015-07-07,101.0,105.0,96.0,103.0,0.08421052631578947,0.08085209662909497
2015-07-08,103.0,103.0,103.0,103.0,0.0,0.0
2015-07-09,103.0,103.0,103.0,103.0,0.0,0.0
2015-07-10,102.0,102.0,102.0,102.0,-0.009708737864077669,-0.009756174945364685
2015-07-13,97.0,97.0,97.0,97.0,-0.049019607843137254,-0.05026183478088831
2015-07-14,102.0,105.0,101.0,103.0,0.061855670103092786,0.06001800972625295
2015-07-15,103.0,103.0,103.0,103.0,0.0,0.0
2015-07-16,103.0,103.0,103.0,103.0,0.0,0.0
2015-07-17,103.0,103.0,103.0,103.0,0.0,0.0
2015-07-20,103.0,103.0,103.0,103.0,0.0,0.0
2015-07-21,103.0,103.0,103.0,103.0,0.0,0.0
2015-07-22,102.0,102.0,102.0,102.0,-0.009708737864077669,-0.009756174945364685
2015-07-23,102.0,102.0,102.0,102.0,0.0,0.0
2015-07-24,102.0,102.0,102.0,102.0,0.0,0.0
2015-07-27,96.0,103.0,96.0,102.0,0.0,0.0
2015-07-28,102.0,102.0,102.0,102.0,0.0,0.0
2015-07-29,95.0,104.0,95.0,100.0,-0.0196078431372549,-0.019802627296179754
2015-07-31,107.0,107.0,107.0,107.0,0.07,0.06765864847381486
2015-08-03,106.0,107.0,106.0,107.0,0.0,0.0
2015-08-04,110.0,110.0,108.0,108.0,0.009345794392523364,0.00930239266231341
2015-08-05,107.0,107.0,95.0,97.0,-0.10185185185185185,-0.10742024862083688
2015-08-06,106.0,106.0,104.0,104.0,0.07216494845360824,0.0696799206379898
2015-08-07,96.0,96.0,90.0,91.0,-0.125,-0.13353139262452263
2015-08-10,91.0,94.0,91.0,91.0,0.0,0.0
2015-08-11,94.0,94.0,92.0,92.0,0.01098901098901099,0.01092907053219023
2015-08-13,94.0,94.0,88.0,90.0,-0.021739130434782608,-0.02197890671877523
2015-08-14,94.0,94.0,89.0,89.0,-0.011111111111111112,-0.011173300598125189
2015-08-17,94.0,94.0,89.0,89.0,0.0,0.0
2015-08-18,94.0,94.0,84.0,94.0,0.056179775280898875,0.05465841253786398
2015-08-19,95.0,95.0,91.0,91.0,-0.031914893617021274,-0.032435275753153844
2015-08-20,82.0,91.0,81.0,91.0,0.0,0.0
2015-08-21,83.0,83.0,82.0,83.0,-0.08791208791208792,-0.09201889872025214
2015-08-24,72.0,83.0,72.0,83.0,0.0,0.0
2015-08-25,83.0,93.0,83.0,85.0,0.024096385542168676,0.023810648693718607
2015-08-26,89.0,89.0,89.0,89.0,0.047058823529411764,0.04598511324182344
2015-08-27,84.0,95.0,81.0,93.0,0.0449438202247191,0.043963123421116204
2015-08-28,93.0,93.0,93.0,93.0,0.0,0.0
2015-08-31,85.0,92.0,85.0,91.0,-0.021505376344086023,-0.021739986636405875
2015-09-01,84.0,91.0,82.0,82.0,-0.0989010989010989,-0.1041402592525969
2015-09-02,82.0,82.0,82.0,82.0,0.0,0.0
2015-09-03,83.0,92.0,83.0,92.0,0.12195121951219512,0.11506932978478729
2015-09-04,93.0,95.0,93.0,95.0,0.03260869565217391,0.03208831455150045
2015-09-07,95.0,97.0,86.0,95.0,0.0,0.0
2015-09-08,95.0,98.0,95.0,96.0,0.010526315789473684,0.010471299867295437
2015-09-09,96.0,100.0,90.0,100.0,0.041666666666666664,0.0408219945202552
2015-09-10,92.0,92.0,92.0,92.0,-0.08,-0.08338160893905101
2015-09-11,109.0,109.0,95.0,95.0,0.03260869565217391,0.03208831455150045
2015-09-14,100.0,100.0,100.0,100.0,0.05263157894736842,0.05129329438755048
2015-09-15,91.0,99.0,91.0,99.0,-0.01,-0.01005033585350145
2015-09-16,99.0,99.0,93.0,99.0,0.0,0.0
2015-09-17,93.0,99.0,93.0,96.0,-0.030303030303030304,-0.03077165866675366
2015-09-18,96.0,100.0,92.0,99.0,0.03125,0.030771658666753687
2015-09-21,99.0,99.0,99.0,99.0,0.0,0.0
2015-09-22,100.0,100.0,99.0,99.0,0.0,0.0
2015-09-23,105.0,105.0,105.0,105.0,0.06060606060606061,0.058840500022933395
2015-09-24,105.0,105.0,105.0,105.0,0.0,0.0
2015-09-25,105.0,105.0,105.0,105.0,0.0,0.0
2015-09-28,105.0,105.0,105.0,105.0,0.0,0.0
2015-09-29,115.0,115.0,103.0,104.0,-0.009523809523809525,-0.009569451016150672
2015-09-30,104.0,104.0,104.0,104.0,0.0,0.0
2015-10-01,95.0,104.0,95.0,104.0,0.0,0.0
2015-10-02,108.0,120.0,108.0,120.0,0.15384615384615385,0.14310084364067324
2015-10-05,110.0,119.0,108.0,119.0,-0.008333333333333333,-0.00836824967051658
2015-10-06,125.0,125.0,108.0,108.0,-0.09243697478991597,-0.0969922659873097
2015-10-07,118.0,118.0,98.0,117.0,0.08333333333333333,0.08004270767353636
2015-10-08,106.0,114.0,106.0,108.0,-0.07692307692307693,-0.08004270767353637
2015-10-09,111.0,120.0,98.0,116.0,0.07407407407407407,0.07145896398214505
2015-10-12,116.0,116.0,105.0,114.0,-0.017241379310344827,-0.01739174271186922
2015-10-13,104.0,112.0,103.0,112.0,-0.017543859649122806,-0.017699577099400975
2015-10-14,104.0,112.0,103.0,112.0,0.0,0.0
2015-10-15,112.0,112.0,112.0,112.0,0.0,0.0
2015-10-16,101.0,107.0,101.0,101.0,-0.09821428571428571,-0.10337835445383507
2015-10-19,106.0,106.0,93.0,93.0,-0.07920792079207921,-0.08252102368800347
2015-10-20,94.0,109.0,94.0,109.0,0.17204301075268819,0.1587483890758878
2015-10-21,105.0,115.0,105.0,115.0,0.05504587155963303,0.05358424613410626
2015-10-22,104.0,114.0,104.0,113.0,-0.017391304347826087,-0.017544309650909508
2015-10-26,102.0,110.0,102.0,110.0,-0.02654867256637168,-0.02690745291992438
2015-10-27,110.0,110.0,110.0,110.0,0.0,0.0
2015-10-28,99.0,109.0,99.0,108.0,-0.01818181818181818,-0.01834913866819654
2015-10-29,109.0,118.0,101.0,114.0,0.05555555555555555,0.05406722127027579
2015-10-30,114.0,114.0,114.0,114.0,0.0,0.0
2015-11-02,114.0,114.0,114.0,114.0,0.0,0.0
2015-11-03,103.0,114.0,103.0,103.0,-0.09649122807017543,-0.10146946016485965
2015-11-04,110.0,110.0,110.0,110.0,0.06796116504854369,0.06575137756278043
2015-11-05,110.0,110.0,110.0,110.0,0.0,0.0
2015-11-06,110.0,110.0,110.0,110.0,0.0,0.0
2015-11-09,108.0,108.0,108.0,108.0,-0.01818181818181818,-0.01834913866819654
2015-11-10,108.0,108.0,108.0,108.0,0.0,0.0
2015-11-11,99.0,108.0,98.0,108.0,0.0,0.0
2015-11-12,98.0,105.0,98.0,98.0,-0.09259259259259259,-0.09716374845364774
2015-11-13,102.0,115.0,96.0,100.0,0.02040816326530612,0.02020270731751947
2015-11-16,96.0,96.0,95.0,95.0,-0.05,-0.05129329438755058
2015-11-17,105.0,105.0,86.0,98.0,0.031578947368421054,0.03109058707003118
2015-11-18,91.0,92.0,90.0,92.0,-0.061224489795918366,-0.06317890162153156
2015-11-19,98.0,98.0,88.0,97.0,0.05434782608695652,0.05292240145434253
2015-11-20,94.0,98.0,94.0,97.0,0.0,0.0
2015-11-23,97.0,97.0,97.0,97.0,0.0,0.0
2015-11-24,97.0,97.0,97.0,97.0,0.0,0.0
2015-11-25,97.0,97.0,97.0,97.0,0.0,0.0
2015-11-26,97.0,108.0,92.0,96.0,-0.010309278350515464,-0.010362787035546547
2015-11-27,98.0,102.0,98.0,102.0,0.0625,0.06062462181643484
2015-11-30,96.0,102.0,96.0,102.0,0.0,0.0
2015-12-01,92.0,94.0,92.0,92.0,-0.09803921568627451,-0.10318423623523075
2015-12-02,99.0,99.0,99.0,99.0,0.07608695652173914,0.07333127308554951
2015-12-03,96.0,96.0,96.0,96.0,-0.030303030303030304,-0.03077165866675366
2015-12-04,96.0,96.0,96.0,96.0,0.0,0.0
2015-12-08,88.0,88.0,87.0,87.0,-0.09375,-0.09844007281325252
2015-12-09,87.0,87.0,87.0,87.0,0.0,0.0
2015-12-11,88.0,93.0,88.0,93.0,0.06896551724137931,0.06669137449867214
2015-12-14,99.0,99.0,86.0,86.0,-0.07526881720430108,-0.07825219689974826
2015-12-15,95.0,95.0,95.0,95.0,0.10465116279069768,0.09952959534703307
2015-12-16,96.0,96.0,96.0,96.0,0.010526315789473684,0.010471299867295437
2015-12-17,94.0,94.0,87.0,87.0,-0.09375,-0.09844007281325252
2015-12-18,91.0,96.0,82.0,93.0,0.06896551724137931,0.06669137449867214
2015-12-21,100.0,108.0,100.0,108.0,0.16129032258064516,0.14953173397096384
2015-12-22,102.0,108.0,98.0,104.0,-0.037037037037037035,-0.037740327982847086
2015-12-23,103.0,103.0,94.0,94.0,-0.09615384615384616,-0.10109611687136875
2015-12-24,103.0,103.0,94.0,94.0,0.0,0.0
2015-12-25,103.0,103.0,94.0,94.0,0.0,0.0
2015-12-28,104.0,104.0,90.0,90.0,-0.0425531914893617,-0.04348511193973878
2015-12-29,99.0,99.0,90.0,91.0,0.011111111111111112,0.011049836186584935
2015-12-30,91.0,91.0,90.0,90.0,-0.01098901098901099,-0.011049836186584935
2016-01-04,98.0,108.0,98.0,102.0,0.13333333333333333,0.125163142954006
2016-01-05,92.0,102.0,92.0,92.0,-0.09803921568627451,-0.10318423623523075
2016-01-06,87.0,90.0,87.0,90.0,-0.021739130434782608,-0.02197890671877523
2016-01-07,90.0,90.0,90.0,90.0,0.0,0.0
2016-01-08,90.0,90.0,90.0,90.0,0.0,0.0
2016-01-11,82.0,82.0,82.0,82.0,-0.08888888888888889,-0.09309042306601198
2016-01-12,88.0,88.0,80.0,80.0,-0.024390243902439025,-0.02469261259037152
2016-01-13,89.0,89.0,81.0,82.0,0.025,0.024692612590371414
2016-01-14,82.0,82.0,82.0,82.0,0.0,0.0
2016-01-15,87.0,87.0,86.0,86.0,0.04878048780487805,0.047628048989254664
2016-01-18,84.0,84.0,84.0,84.0,-0.023255813953488372,-0.02353049741019416
2016-01-19,82.0,82.0,82.0,82.0,-0.023809523809523808,-0.02409755157906053
2016-01-20,84.0,84.0,84.0,84.0,0.024390243902439025,0.024097551579060524
2016-01-21,81.0,81.0,80.0,80.0,-0.047619047619047616,-0.048790164169432056
2016-01-22,86.0,87.0,80.0,80.0,0.0,0.0
2016-01-25,80.0,80.0,80.0,80.0,0.0,0.0
2016-01-26,80.0,80.0,80.0,80.0,0.0,0.0
2016-01-27,80.0,80.0,80.0,80.0,0.0,0.0
2016-01-28,80.0,80.0,80.0,80.0,0.0,0.0
2016-01-29,89.0,89.0,89.0,89.0,0.1125,0.10660973505825827
2016-02-01,89.0,89.0,89.0,89.0,0.0,0.0
2016-02-02,83.0,83.0,81.0,81.0,-0.0898876404494382,-0.09418721505970107
2016-02-03,77.0,81.0,74.0,76.0,-0.06172839506172839,-0.06371581438610774
2016-02-04,80.0,82.0,74.0,79.0,0.039473684210526314,0.03871451218069043
2016-02-05,80.0,81.0,78.0,81.0,0.02531645569620253,0.025001302205417186
2016-02-08,80.0,81.0,78.0,81.0,0.0,0.0
2016-02-09,82.0,82.0,82.0,82.0,0.012345679012345678,0.012270092591814401
2016-02-10,76.0,82.0,76.0,80.0,-0.024390243902439025,-0.02469261259037152
2016-02-11,78.0,80.0,75.0,76.0,-0.05,-0.05129329438755058
2016-02-12,74.0,77.0,74.0,77.0,0.013157894736842105,0.0130720815673527
2016-02-15,76.0,76.0,73.0,75.0,-0.025974025974025976,-0.026317308317373417
2016-02-16,77.0,77.0,76.0,76.0,0.013333333333333334,0.013245226750020723
2016-02-17,78.0,79.0,73.0,74.0,-0.02631578947368421,-0.026668247082161294
2016-02-18,74.0,75.0,73.0,74.0,0.0,0.0
2016-02-19,73.0,75.0,73.0,73.0,-0.013513513513513514,-0.013605652055778598
2016-02-23,77.0,77.0,77.0,77.0,0.0547945205479452,0.053345980705292714
2016-02-24,77.0,78.0,77.0,77.0,0.0,0.0
2016-02-25,78.0,78.0,73.0,77.0,0.0,0.0
2016-02-26,77.0,77.0,77.0,77.0,0.0,0.0
2016-02-29,77.0,77.0,75.0,75.0,-0.025974025974025976,-0.026317308317373417
2016-03-01,78.0,78.0,76.0,76.0,0.013333333333333334,0.013245226750020723
2016-03-02,79.0,79.0,76.0,78.0,0.02631578947368421,0.025975486403260736
2016-03-03,74.0,77.0,74.0,77.0,-0.01282051282051282,-0.012903404835907841
2016-03-04,78.0,82.0,78.0,80.0,0.03896103896103896,0.03822121282019767
2016-03-07,82.0,82.0,82.0,82.0,0.025,0.024692612590371414
2016-03-08,79.0,82.0,79.0,80.0,-0.024390243902439025,-0.02469261259037152
2016-03-09,79.0,82.0,79.0,80.0,0.0,0.0
2016-03-10,82.0,88.0,79.0,88.0,0.1,0.09531017980432493
2016-03-11,88.0,88.0,88.0,88.0,0.0,0.0
2016-03-14,88.0,88.0,88.0,88.0,0.0,0.0
2016-03-15,85.0,85.0,81.0,82.0,-0.06818181818181818,-0.07061756721395342
2016-03-16,83.0,84.0,81.0,84.0,0.024390243902439025,0.024097551579060524
2016-03-17,83.0,83.0,76.0,77.0,-0.08333333333333333,-0.08701137698962981
2016-03-18,82.0,84.0,79.0,81.0,0.05194805194805195,0.050643732818754936
2016-03-21,81.0,81.0,81.0,81.0,0.0,0.0
2016-03-22,77.0,81.0,77.0,81.0,0.0,0.0
2016-03-23,81.0,82.0,74.0,80.0,-0.012345679012345678,-0.012422519998557209
2016-03-24,81.0,81.0,80.0,80.0,0.0,0.0
2016-03-25,81.0,81.0,80.0,80.0,0.0,0.0
2016-03-28,78.0,80.0,76.0,80.0,0.0,0.0
2016-03-29,80.0,81.0,79.0,79.0,-0.0125,-0.012578782206860073
2016-03-30,80.0,80.0,79.0,80.0,0.012658227848101266,0.012578782206860185
2016-03-31,81.0,81.0,78.0,78.0,-0.025,-0.025317807984289897
2016-04-01,78.0,78.0,71.0,75.0,-0.038461538461538464,-0.03922071315328127
2016-04-04,73.0,76.0,72.0,75.0,0.0,0.0
2016-04-05,75.0,75.0,75.0,75.0,0.0,0.0
2016-04-07,76.0,81.0,76.0,76.0,0.013333333333333334,0.013245226750020723
2016-04-08,77.0,83.0,77.0,82.0,0.07894736842105263,0.07598590697792205
2016-04-11,82.0,82.0,82.0,82.0,0.0,0.0
2016-04-12,79.0,79.0,75.0,77.0,-0.06097560975609756,-0.06291382541056932
2016-04-18,77.0,77.0,77.0,77.0,0.0,0.0
2016-04-19,77.0,77.0,77.0,77.0,0.0,0.0
2016-04-20,76.0,78.0,76.0,76.0,-0.012987012987012988,-0.013072081567352775
2016-04-21,80.0,80.0,77.0,78.0,0.02631578947368421,0.025975486403260736
2016-04-22,77.0,77.0,76.0,76.0,-0.02564102564102564,-0.025975486403260677
2016-04-25,76.0,77.0,75.0,77.0,0.013157894736842105,0.0130720815673527
2016-04-26,77.0,79.0,76.0,76.0,-0.012987012987012988,-0.013072081567352775
2016-04-27,78.0,78.0,78.0,78.0,0.02631578947368421,0.025975486403260736
2016-04-28,78.0,78.0,78.0,78.0,0.0,0.0
2016-04-29,78.0,80.0,78.0,79.0,0.01282051282051282,0.012739025777429712
2016-05-03,79.0,79.0,74.0,74.0,-0.06329113924050633,-0.06538275926285174
2016-05-04,74.0,79.0,74.0,79.0,0.06756756756756757,0.06538275926285171
2016-05-09,80.0,80.0,80.0,80.0,0.012658227848101266,0.012578782206860185
2016-05-10,80.0,80.0,80.0,80.0,0.0,0.0
2016-05-11,80.0,80.0,80.0,80.0,0.0,0.0
2016-05-12,80.0,80.0,80.0,80.0,0.0,0.0
2016-05-13,80.0,80.0,76.0,80.0,0.0,0.0
2016-05-16,80.0,80.0,80.0,80.0,0.0,0.0
2016-05-17,79.0,80.0,78.0,80.0,0.0,0.0
2016-05-18,80.0,80.0,80.0,80.0,0.0,0.0
2016-05-19,80.0,80.0,80.0,80.0,0.0,0.0
2016-05-23,80.0,80.0,79.0,79.0,-0.0125,-0.012578782206860073
2016-05-24,73.0,77.0,72.0,76.0,-0.0379746835443038,-0.03871451218069039
2016-05-25,74.0,75.0,74.0,75.0,-0.013157894736842105,-0.01324522675002068
2016-05-26,75.0,75.0,75.0,75.0,0.0,0.0
2016-05-27,76.0,78.0,76.0,78.0,0.04,0.03922071315328133
2016-05-30,74.0,74.0,74.0,74.0,-0.05128205128205128,-0.05264373348542203
2016-05-31,78.0,78.0,76.0,76.0,0.02702702702702703,0.026668247082161273
2016-06-01,76.0,80.0,76.0,80.0,0.05263157894736842,0.05129329438755048
2016-06-02,80.0,80.0,80.0,80.0,0.0,0.0
2016-06-03,80.0,80.0,80.0,80.0,0.0,0.0
2016-06-06,80.0,80.0,80.0,80.0,0.0,0.0
2016-06-07,80.0,80.0,80.0,80.0,0.0,0.0
2016-06-08,80.0,80.0,80.0,80.0,0.0,0.0
2016-06-09,80.0,80.0,80.0,80.0,0.0,0.0
2016-06-10,80.0,80.0,80.0,80.0,0.0,0.0
2016-06-13,80.0,80.0,79.0,79.0,-0.0125,-0.012578782206860073
2016-06-14,79.0,79.0,79.0,79.0,0.0,0.0
2016-06-15,79.0,79.0,79.0,79.0,0.0,0.0
2016-06-16,79.0,79.0,79.0,79.0,0.0,0.0
2016-06-17,80.0,80.0,80.0,80.0,0.012658227848101266,0.012578782206860185
2016-06-20,75.0,75.0,75.0,75.0,-0.0625,-0.06453852113757118
2016-06-21,79.0,79.0,79.0,79.0,0.05333333333333334,0.05195973893071096
2016-06-22,79.0,79.0,79.0,79.0,0.0,0.0
2016-06-23,79.0,79.0,79.0,79.0,0.0,0.0
2016-06-24,79.0,79.0,79.0,79.0,0.0,0.0
2016-06-27,79.0,79.0,79.0,79.0,0.0,0.0
2016-06-28,80.0,80.0,80.0,80.0,0.012658227848101266,0.012578782206860185
2016-06-29,80.0,80.0,80.0,80.0,0.0,0.0
2016-06-30,80.0,82.0,80.0,82.0,0.025,0.024692612590371414
2016-07-04,80.0,82.0,80.0,82.0,0.0,0.0
2016-07-05,80.0,82.0,80.0,82.0,0.0,0.0
2016-07-06,80.0,82.0,80.0,82.0,0.0,0.0
2016-07-07,80.0,82.0,80.0,82.0,0.0,0.0
2016-07-08,80.0,82.0,80.0,82.0,0.0,0.0
2016-07-11,81.0,81.0,81.0,81.0,-0.012195121951219513,-0.01227009259181436
2016-07-12,75.0,76.0,75.0,76.0,-0.06172839506172839,-0.06371581438610774
2016-07-13,78.0,78.0,76.0,78.0,0.02631578947368421,0.025975486403260736
2016-07-14,78.0,80.0,77.0,78.0,0.0,0.0
2016-07-15,78.0,79.0,72.0,79.0,0.01282051282051282,0.012739025777429712
2016-07-20,79.0,82.0,78.0,82.0,0.0379746835443038,0.0372713947972316
2016-07-21,82.0,83.0,78.0,78.0,-0.04878048780487805,-0.05001042057466142
2016-07-22,82.0,82.0,78.0,80.0,0.02564102564102564,0.025317807984289786
2016-07-25,80.0,83.0,78.0,82.0,0.025,0.024692612590371414
2016-07-26,82.0,82.0,78.0,80.0,-0.024390243902439025,-0.02469261259037152
2016-07-27,80.0,82.0,80.0,81.0,0.0125,0.01242251999855711
2016-07-28,81.0,84.0,81.0,82.0,0.012345679012345678,0.012270092591814401
2016-07-29,82.0,82.0,79.0,81.0,-0.012195121951219513,-0.01227009259181436
2016-08-01,81.0,82.0,78.0,82.0,0.012345679012345678,0.012270092591814401
2016-08-02,80.0,88.0,80.0,87.0,0.06097560975609756,0.059188871390330654
2016-08-03,87.0,87.0,81.0,86.0,-0.011494252873563218,-0.011560822401075971
2016-08-04,84.0,84.0,80.0,84.0,-0.023255813953488372,-0.02353049741019416
2016-08-05,80.0,84.0,80.0,84.0,0.0,0.0
2016-08-08,81.0,84.0,80.0,84.0,0.0,0.0
2016-08-09,84.0,84.0,84.0,84.0,0.0,0.0
2016-08-10,88.0,88.0,79.0,85.0,0.011904761904761904,0.011834457647002798
2016-08-11,84.0,84.0,80.0,83.0,-0.023529411764705882,-0.02381064869371856
2016-08-15,83.0,83.0,83.0,83.0,0.0,0.0
2016-08-16,83.0,83.0,83.0,83.0,0.0,0.0
2016-08-17,83.0,83.0,83.0,83.0,0.0,0.0
2016-08-18,79.0,81.0,79.0,81.0,-0.024096385542168676,-0.024391453124159124
2016-08-19,81.0,88.0,79.0,81.0,0.0,0.0
2016-08-22,75.0,82.0,75.0,82.0,0.012345679012345678,0.012270092591814401
2016-08-23,78.0,81.0,75.0,81.0,-0.012195121951219513,-0.01227009259181436
2016-08-24,81.0,81.0,81.0,81.0,0.0,0.0
2016-08-25,81.0,81.0,81.0,81.0,0.0,0.0
2016-08-26,81.0,81.0,81.0,81.0,0.0,0.0
2016-08-29,81.0,81.0,81.0,81.0,0.0,0.0
2016-08-30,77.0,81.0,77.0,81.0,0.0,0.0
2016-08-31,81.0,81.0,81.0,81.0,0.0,0.0
2016-09-01,81.0,81.0,81.0,81.0,0.0,0.0
2016-09-02,74.0,81.0,74.0,81.0,0.0,0.0
2016-09-05,81.0,81.0,81.0,81.0,0.0,0.0
2016-09-06,74.0,80.0,74.0,80.0,-0.012345679012345678,-0.012422519998557209
2016-09-07,80.0,80.0,80.0,80.0,0.0,0.0
2016-09-08,74.0,81.0,74.0,81.0,0.0125,0.01242251999855711
2016-09-09,79.0,80.0,76.0,80.0,-0.012345679012345678,-0.012422519998557209
2016-09-12,79.0,80.0,76.0,80.0,0.0,0.0
2016-09-13,80.0,80.0,80.0,80.0,0.0,0.0
2016-09-14,74.0,75.0,74.0,75.0,-0.0625,-0.06453852113757118
2016-09-15,81.0,81.0,73.0,78.0,0.04,0.03922071315328133
2016-09-16,78.0,78.0,77.0,78.0,0.0,0.0
2016-09-19,78.0,78.0,75.0,75.0,-0.038461538461538464,-0.03922071315328127
2016-09-20,73.0,75.0,73.0,73.0,-0.02666666666666667,-0.02702867238791926
2016-09-21,76.0,76.0,76.0,76.0,0.0410958904109589,0.0402738991379399
2016-09-22,76.0,78.0,76.0,78.0,0.02631578947368421,0.025975486403260736
2016-09-23,78.0,78.0,78.0,78.0,0.0,0.0
2016-09-26,75.0,75.0,75.0,75.0,-0.038461538461538464,-0.03922071315328127
2016-09-27,75.0,75.0,75.0,75.0,0.0,0.0
2016-09-28,75.0,75.0,75.0,75.0,0.0,0.0
2016-09-29,74.0,77.0,71.0,75.0,0.0,0.0
2016-09-30,75.0,75.0,75.0,75.0,0.0,0.0
2016-10-03,75.0,75.0,75.0,75.0,0.0,0.0
2016-10-04,75.0,75.0,75.0,75.0,0.0,0.0
2016-10-05,71.0,77.0,71.0,77.0,0.02666666666666667,0.026317308317373358
2016-10-06,77.0,77.0,70.0,72.0,-0.06493506493506493,-0.06713930283762856
2016-10-07,77.0,77.0,72.0,76.0,0.05555555555555555,0.05406722127027579
2016-10-10,76.0,76.0,74.0,75.0,-0.013157894736842105,-0.01324522675002068
2016-10-11,75.0,75.0,74.0,74.0,-0.013333333333333334,-0.013423020332140661
2016-10-12,72.0,74.0,69.0,74.0,0.0,0.0
2016-10-13,76.0,80.0,76.0,77.0,0.04054054054054054,0.03974032864951412
2016-10-14,77.0,77.0,77.0,77.0,0.0,0.0
2016-10-17,77.0,77.0,77.0,77.0,0.0,0.0
2016-10-18,76.0,77.0,76.0,77.0,0.0,0.0
2016-10-19,76.0,76.0,75.0,75.0,-0.025974025974025976,-0.026317308317373417
2016-10-20,77.0,77.0,77.0,77.0,0.02666666666666667,0.026317308317373358
2016-10-21,77.0,77.0,77.0,77.0,0.0,0.0
2016-10-25,77.0,77.0,77.0,77.0,0.0,0.0
2016-10-26,72.0,76.0,72.0,76.0,-0.012987012987012988,-0.013072081567352775
2016-10-27,77.0,77.0,77.0,77.0,0.013157894736842105,0.0130720815673527
2016-10-28,73.0,74.0,73.0,74.0,-0.03896103896103896,-0.03974032864951411
2016-10-31,78.0,80.0,74.0,80.0,0.08108108108108109,0.07796154146971192
2016-11-01,80.0,80.0,80.0,80.0,0.0,0.0
2016-11-02,80.0,80.0,80.0,80.0,0.0,0.0
2016-11-03,74.0,74.0,74.0,74.0,-0.075,-0.0779615414697118
2016-11-04,74.0,74.0,74.0,74.0,0.0,0.0
2016-11-07,74.0,78.0,74.0,78.0,0.05405405405405406,0.05264373348542188
2016-11-08,78.0,80.0,77.0,80.0,0.02564102564102564,0.025317807984289786
2016-11-09,80.0,80.0,80.0,80.0,0.0,0.0
2016-11-10,80.0,82.0,80.0,80.0,0.0,0.0
2016-11-11,74.0,74.0,74.0,74.0,-0.075,-0.0779615414697118
2016-11-14,73.0,80.0,73.0,80.0,0.08108108108108109,0.07796154146971192
2016-11-15,74.0,76.0,74.0,75.0,-0.0625,-0.06453852113757118
2016-11-16,75.0,80.0,74.0,80.0,0.06666666666666667,0.06453852113757116
2016-11-17,80.0,80.0,80.0,80.0,0.0,0.0
2016-11-18,82.0,82.0,72.0,80.0,0.0,0.0
2016-11-21,78.0,80.0,76.0,79.0,-0.0125,-0.012578782206860073
2016-11-22,75.0,77.0,73.0,77.0,-0.02531645569620253,-0.02564243061333767
2016-11-23,76.0,80.0,74.0,80.0,0.03896103896103896,0.03822121282019767
2016-11-24,80.0,80.0,80.0,80.0,0.0,0.0
2016-11-25,76.0,80.0,76.0,80.0,0.0,0.0
2016-11-28,80.0,80.0,80.0,80.0,0.0,0.0
2016-11-29,81.0,81.0,81.0,81.0,0.0125,0.01242251999855711
2016-11-30,81.0,81.0,81.0,81.0,0.0,0.0
2016-12-01,81.0,81.0,81.0,81.0,0.0,0.0
2016-12-02,78.0,78.0,78.0,78.0,-0.037037037037037035,-0.037740327982847086
2016-12-06,80.0,82.0,80.0,81.0,0.038461538461538464,0.03774032798284711
2016-12-07,78.0,81.0,74.0,81.0,0.0,0.0
2016-12-08,78.0,78.0,78.0,78.0,-0.037037037037037035,-0.037740327982847086
2016-12-09,78.0,80.0,76.0,80.0,0.02564102564102564,0.025317807984289786
2016-12-13,80.0,80.0,80.0,80.0,0.0,0.0
2016-12-14,78.0,78.0,78.0,78.0,-0.025,-0.025317807984289897
2016-12-15,79.0,79.0,73.0,74.0,-0.05128205128205128,-0.05264373348542203
2016-12-16,74.0,85.0,72.0,74.0,0.0,0.0
2016-12-19,73.0,79.0,73.0,77.0,0.04054054054054054,0.03974032864951412
2016-12-20,77.0,77.0,75.0,75.0,-0.025974025974025976,-0.026317308317373417
2016-12-21,75.0,100.0,75.0,84.0,0.12,0.11332868530700327
2016-12-22,78.0,83.0,78.0,83.0,-0.011904761904761904,-0.01197619104671565
2016-12-23,80.0,82.0,80.0,82.0,-0.012048192771084338,-0.01212136053234485
2016-12-26,80.0,82.0,80.0,82.0,0.0,0.0
2016-12-27,78.0,79.0,74.0,79.0,-0.036585365853658534,-0.037271394797231655
2016-12-28,74.0,84.0,74.0,79.0,0.0,0.0
2016-12-29,82.0,82.0,72.0,72.0,-0.08860759493670886,-0.09278173345096621
2016-12-30,79.0,80.0,72.0,80.0,0.1111111111111111,0.10536051565782635
2017-01-04,79.0,79.0,79.0,79.0,-0.0125,-0.012578782206860073
2017-01-05,79.0,79.0,79.0,79.0,0.0,0.0
2017-01-06,76.0,80.0,75.0,80.0,0.012658227848101266,0.012578782206860185
2017-01-09,80.0,80.0,75.0,79.0,-0.0125,-0.012578782206860073
2017-01-10,79.0,80.0,74.0,77.0,-0.02531645569620253,-0.02564243061333767
2017-01-11,77.0,77.0,76.0,76.0,-0.012987012987012988,-0.013072081567352775
2017-01-12,76.0,78.0,76.0,78.0,0.02631578947368421,0.025975486403260736
2017-01-16,77.0,79.0,74.0,77.0,-0.01282051282051282,-0.012903404835907841
2017-01-17,77.0,78.0,74.0,75.0,-0.025974025974025976,-0.026317308317373417
2017-01-18,75.0,78.0,73.0,76.0,0.013333333333333334,0.013245226750020723
2017-01-19,75.0,79.0,74.0,77.0,0.013157894736842105,0.0130720815673527
2017-01-20,79.0,88.0,78.0,80.0,0.03896103896103896,0.03822121282019767
2017-01-23,80.0,85.0,77.0,82.0,0.025,0.024692612590371414
2017-01-24,78.0,82.0,78.0,82.0,0.0,0.0
2017-01-25,82.0,82.0,76.0,81.0,-0.012195121951219513,-0.01227009259181436
2017-01-26,81.0,82.0,77.0,80.0,-0.012345679012345678,-0.012422519998557209
2017-01-27,81.0,107.0,81.0,88.0,0.1,0.09531017980432493
2017-01-30,88.0,89.0,82.0,86.0,-0.022727272727272728,-0.02298951822469872
2017-01-31,88.0,88.0,81.0,88.0,0.023255813953488372,0.02298951822469878
2017-02-01,88.0,99.0,84.0,89.0,0.011363636363636364,0.011299555253933466
2017-02-02,84.0,89.0,84.0,87.0,-0.02247191011235955,-0.022728251077556175
2017-02-03,87.0,94.0,86.0,87.0,0.0,0.0
2017-02-06,88.0,89.0,85.0,89.0,0.022988505747126436,0.02272825107755609
2017-02-07,88.0,90.0,88.0,90.0,0.011235955056179775,0.011173300598125255
2017-02-08,86.0,117.0,86.0,109.0,0.2111111111111111,0.19153821189887857
2017-02-09,109.0,117.0,97.0,100.0,-0.08256880733944955,-0.08617769624105227
2017-02-10,100.0,102.0,94.0,99.0,-0.01,-0.01005033585350145
2017-02-14,95.0,95.0,88.0,95.0,-0.04040404040404041,-0.041242958534049134
2017-02-15,95.0,95.0,95.0,95.0,0.0,0.0
2017-02-16,95.0,95.0,83.0,83.0,-0.12631578947368421,-0.13503628380394286
2017-02-17,83.0,89.0,83.0,84.0,0.012048192771084338,0.01197619104671562
2017-02-20,85.0,94.0,82.0,89.0,0.05952380952380952,0.057819570888826236
2017-02-21,89.0,89.0,84.0,84.0,-0.056179775280898875,-0.05781957088882625
2017-02-22,85.0,85.0,80.0,80.0,-0.047619047619047616,-0.048790164169432056
2017-02-23,81.0,86.0,80.0,81.0,0.0125,0.01242251999855711
2017-02-24,81.0,88.0,79.0,85.0,0.04938271604938271,0.048202101817877686
2017-02-27,80.0,85.0,79.0,85.0,0.0,0.0
2017-02-28,84.0,84.0,80.0,84.0,-0.011764705882352941,-0.011834457647002796
2017-03-01,88.0,93.0,81.0,86.0,0.023809523809523808,0.023530497410194036
2017-03-02,77.0,85.0,77.0,85.0,-0.011627906976744186,-0.011696039763191298
2017-03-03,78.0,86.0,78.0,80.0,-0.058823529411764705,-0.060624621816434854
2017-03-06,81.0,82.0,81.0,81.0,0.0125,0.01242251999855711
2017-03-07,83.0,85.0,82.0,82.0,0.012345679012345678,0.012270092591814401
2017-03-08,82.0,88.0,82.0,88.0,0.07317073170731707,0.07061756721395342
2017-03-09,87.0,87.0,81.0,87.0,-0.011363636363636364,-0.011428695823622744
2017-03-10,83.0,87.0,82.0,87.0,0.0,0.0
2017-03-13,87.0,87.0,82.0,82.0,-0.05747126436781609,-0.05918887139033065
2017-03-14,82.0,85.0,82.0,82.0,0.0,0.0
2017-03-15,84.0,84.0,83.0,83.0,0.012195121951219513,0.01212136053234482
2017-03-16,84.0,85.0,84.0,84.0,0.012048192771084338,0.01197619104671562
2017-03-17,84.0,87.0,83.0,84.0,0.0,0.0
2017-03-20,84.0,86.0,83.0,86.0,0.023809523809523808,0.023530497410194036
2017-03-21,86.0,90.0,86.0,90.0,0.046511627906976744,0.04546237407675741
2017-03-22,90.0,95.0,86.0,86.0,-0.044444444444444446,-0.04546237407675729
2017-03-23,86.0,90.0,85.0,85.0,-0.011627906976744186,-0.011696039763191298
2017-03-24,85.0,88.0,84.0,85.0,0.0,0.0
2017-03-27,84.0,89.0,84.0,84.0,-0.011764705882352941,-0.011834457647002796
2017-03-28,84.0,89.0,84.0,84.0,0.0,0.0
2017-03-29,84.0,89.0,83.0,88.0,0.047619047619047616,0.04652001563489291
2017-03-30,84.0,86.0,84.0,84.0,-0.045454545454545456,-0.04652001563489282
2017-03-31,86.0,88.0,84.0,88.0,0.047619047619047616,0.04652001563489291
2017-04-03,88.0,88.0,84.0,87.0,-0.011363636363636364,-0.011428695823622744
2017-04-04,87.0,87.0,83.0,83.0,-0.04597701149425287,-0.047067510857985856
2017-04-05,83.0,83.0,83.0,83.0,0.0,0.0
2017-04-07,87.0,87.0,85.0,85.0,0.024096385542168676,0.023810648693718607
2017-04-10,85.0,88.0,84.0,86.0,0.011764705882352941,0.011696039763191236
2017-04-11,86.0,90.0,83.0,83.0,-0.03488372093023256,-0.03550668845690976
2017-04-12,88.0,90.0,83.0,85.0,0.024096385542168676,0.023810648693718607
2017-04-17,86.0,90.0,85.0,85.0,0.0,0.0
2017-04-18,85.0,88.0,84.0,86.0,0.011764705882352941,0.011696039763191236
2017-04-19,86.0,86.0,86.0,86.0,0.0,0.0
2017-04-20,86.0,86.0,85.0,85.0,-0.011627906976744186,-0.011696039763191298
2017-04-21,85.0,86.0,83.0,86.0,0.011764705882352941,0.011696039763191236
2017-04-24,85.0,86.0,83.0,86.0,0.0,0.0
2017-04-25,86.0,87.0,84.0,84.0,-0.023255813953488372,-0.02353049741019416
2017-04-26,84.0,86.0,84.0,86.0,0.023809523809523808,0.023530497410194036
2017-04-27,84.0,84.0,84.0,84.0,-0.023255813953488372,-0.02353049741019416
2017-04-28,84.0,86.0,83.0,83.0,-0.011904761904761904,-0.01197619104671565
2017-05-02,83.0,85.0,82.0,84.0,0.012048192771084338,0.01197619104671562
2017-05-03,84.0,87.0,82.0,82.0,-0.023809523809523808,-0.02409755157906053
2017-05-04,84.0,84.0,82.0,82.0,0.0,0.0
2017-05-08,84.0,90.0,82.0,86.0,0.04878048780487805,0.047628048989254664
2017-05-09,85.0,85.0,84.0,84.0,-0.023255813953488372,-0.02353049741019416
2017-05-11,85.0,85.0,84.0,84.0,0.0,0.0
2017-05-12,84.0,84.0,82.0,82.0,-0.023809523809523808,-0.02409755157906053
2017-05-15,83.0,86.0,83.0,83.0,0.012195121951219513,0.01212136053234482
2017-05-16,83.0,84.0,83.0,83.0,0.0,0.0
2017-05-17,83.0,86.0,82.0,86.0,0.03614457831325301,0.03550668845690982
2017-05-18,86.0,86.0,83.0,86.0,0.0,0.0
2017-05-19,86.0,86.0,81.0,81.0,-0.05813953488372093,-0.05989814158106896
2017-05-22,83.0,85.0,83.0,85.0,0.04938271604938271,0.048202101817877686
2017-05-23,85.0,85.0,82.0,82.0,-0.03529411764705882,-0.03593200922606333
2017-05-24,82.0,85.0,81.0,81.0,-0.012195121951219513,-0.01227009259181436
2017-05-25,82.0,85.0,81.0,81.0,0.0,0.0
2017-05-26,81.0,84.0,80.0,80.0,-0.012345679012345678,-0.012422519998557209
2017-05-29,84.0,84.0,80.0,82.0,0.025,0.024692612590371414
2017-05-30,80.0,83.0,80.0,81.0,-0.012195121951219513,-0.01227009259181436
2017-05-31,81.0,84.0,80.0,82.0,0.012345679012345678,0.012270092591814401
2017-06-01,82.0,82.0,82.0,82.0,0.0,0.0
2017-06-02,81.0,81.0,81.0,81.0,-0.012195121951219513,-0.01227009259181436
2017-06-05,82.0,85.0,80.0,82.0,0.012345679012345678,0.012270092591814401
2017-06-06,80.0,83.0,80.0,83.0,0.012195121951219513,0.01212136053234482
2017-06-07,83.0,90.0,79.0,87.0,0.04819277108433735,0.04706751085798573
2017-06-08,83.0,84.0,82.0,84.0,-0.034482758620689655,-0.03509131981127006
2017-06-09,84.0,84.0,83.0,83.0,-0.011904761904761904,-0.01197619104671565
2017-06-12,83.0,83.0,82.0,82.0,-0.012048192771084338,-0.01212136053234485
2017-06-13,82.0,87.0,81.0,84.0,0.024390243902439025,0.024097551579060524
2017-06-14,83.0,85.0,81.0,84.0,0.0,0.0
2017-06-15,85.0,85.0,82.0,82.0,-0.023809523809523808,-0.02409755157906053
2017-06-16,82.0,85.0,81.0,84.0,0.024390243902439025,0.024097551579060524
2017-06-19,82.0,84.0,80.0,84.0,0.0,0.0
2017-06-20,81.0,82.0,80.0,80.0,-0.047619047619047616,-0.048790164169432056
2017-06-21,80.0,81.0,79.0,81.0,0.0125,0.01242251999855711
2017-06-22,81.0,83.0,81.0,82.0,0.012345679012345678,0.012270092591814401
2017-06-23,82.0,82.0,82.0,82.0,0.0,0.0
2017-06-26,82.0,82.0,82.0,82.0,0.0,0.0
2017-06-27,82.0,82.0,82.0,82.0,0.0,0.0
2017-06-28,82.0,82.0,82.0,82.0,0.0,0.0
2017-06-29,82.0,82.0,82.0,82.0,0.0,0.0
2017-06-30,82.0,82.0,82.0,82.0,0.0,0.0
2017-07-03,83.0,83.0,80.0,81.0,-0.012195121951219513,-0.01227009259181436
2017-07-04,81.0,81.0,77.0,79.0,-0.024691358024691357,-0.02500130220541727
2017-07-05,80.0,81.0,80.0,81.0,0.02531645569620253,0.025001302205417186
2017-07-06,78.0,81.0,75.0,79.0,-0.024691358024691357,-0.02500130220541727
2017-07-07,80.0,81.0,73.0,81.0,0.02531645569620253,0.025001302205417186
2017-07-11,80.0,82.0,78.0,81.0,0.0,0.0
2017-07-12,81.0,82.0,76.0,76.0,-0.06172839506172839,-0.06371581438610774
2017-07-13,79.0,79.0,77.0,79.0,0.039473684210526314,0.03871451218069043
2017-07-14,76.0,80.0,76.0,80.0,0.012658227848101266,0.012578782206860185
2017-07-17,80.0,96.0,80.0,93.0,0.1625,0.1505728584793744
2017-07-18,94.0,105.0,94.0,103.0,0.10752688172043011,0.10212949507637975
2017-07-19,104.0,124.0,103.0,119.0,0.1553398058252427,0.14439450488189357
2017-07-20,120.0,122.0,114.0,116.0,-0.025210084033613446,-0.025533302005164762
2017-07-21,118.0,118.0,112.0,114.0,-0.017241379310344827,-0.01739174271186922
2017-07-24,114.0,116.0,105.0,105.0,-0.07894736842105263,-0.08223809823697212
2017-07-25,100.0,106.0,98.0,105.0,0.0,0.0
2017-07-26,103.0,105.0,91.0,92.0,-0.12380952380952381,-0.13217177310848308
2017-07-27,92.0,102.0,90.0,98.0,0.06521739130434782,0.06317890162153167
2017-07-31,100.0,100.0,100.0,100.0,0.02040816326530612,0.02020270731751947
2017-08-01,100.0,100.0,100.0,100.0,0.0,0.0
2017-08-02,100.0,100.0,100.0,100.0,0.0,0.0
2017-08-03,100.0,100.0,100.0,100.0,0.0,0.0
2017-08-04,100.0,100.0,100.0,100.0,0.0,0.0
2017-08-07,100.0,100.0,100.0,100.0,0.0,0.0
2017-08-08,100.0,100.0,100.0,100.0,0.0,0.0
2017-08-09,100.0,100.0,100.0,100.0,0.0,0.0
2017-08-10,100.0,100.0,100.0,100.0,0.0,0.0
2017-08-11,100.0,100.0,100.0,100.0,0.0,0.0
2017-08-15,100.0,100.0,100.0,100.0,0.0,0.0
2017-08-16,100.0,100.0,100.0,100.0,0.0,0.0
2017-08-17,100.0,100.0,100.0,100.0,0.0,0.0
2017-08-18,100.0,100.0,100.0,100.0,0.0,0.0
2017-08-21,100.0,100.0,100.0,100.0,0.0,0.0
2017-08-22,100.0,100.0,100.0,100.0,0.0,0.0
2017-08-23,100.0,100.0,100.0,100.0,0.0,0.0
2017-08-24,100.0,100.0,100.0,100.0,0.0,0.0
2017-08-25,100.0,100.0,100.0,100.0,0.0,0.0
2017-08-28,100.0,100.0,100.0,100.0,0.0,0.0
2017-08-29,100.0,100.0,100.0,100.0,0.0,0.0
2017-08-30,100.0,100.0,100.0,100.0,0.0,0.0
2017-08-31,100.0,100.0,100.0,100.0,0.0,0.0
2017-09-01,100.0,100.0,100.0,100.0,0.0,0.0
2017-09-04,100.0,100.0,100.0,100.0,0.0,0.0
2017-09-05,100.0,100.0,100.0,100.0,0.0,0.0
2017-09-06,100.0,100.0,100.0,100.0,0.0,0.0
2017-09-07,100.0,100.0,100.0,100.0,0.0,0.0
2017-09-08,100.0,100.0,100.0,100.0,0.0,0.0
2017-09-11,100.0,100.0,100.0,100.0,0.0,0.0
2017-09-12,100.0,100.0,100.0,100.0,0.0,0.0
2017-09-13,100.0,100.0,100.0,100.0,0.0,0.0
2017-09-14,100.0,100.0,100.0,100.0,0.0,0.0
2017-09-15,100.0,100.0,100.0,100.0,0.0,0.0
2017-09-18,100.0,100.0,100.0,100.0,0.0,0.0
2017-09-19,100.0,100.0,100.0,100.0,0.0,0.0
2017-09-20,100.0,100.0,100.0,100.0,0.0,0.0
2017-09-21,100.0,100.0,100.0,100.0,0.0,0.0
2017-09-22,100.0,100.0,100.0,100.0,0.0,0.0
2017-09-25,100.0,100.0,100.0,100.0,0.0,0.0
2017-09-26,100.0,100.0,100.0,100.0,0.0,0.0
2017-09-27,100.0,100.0,100.0,100.0,0.0,0.0
2017-09-28,100.0,100.0,100.0,100.0,0.0,0.0
2017-09-29,100.0,100.0,100.0,100.0,0.0,0.0
2017-10-02,100.0,100.0,100.0,100.0,0.0,0.0
2017-10-03,100.0,100.0,100.0,100.0,0.0,0.0
2017-10-04,100.0,100.0,100.0,100.0,0.0,0.0
2017-10-05,100.0,100.0,100.0,100.0,0.0,0.0
2017-10-06,100.0,100.0,100.0,100.0,0.0,0.0
2017-10-09,100.0,100.0,100.0,100.0,0.0,0.0
2017-10-10,100.0,100.0,100.0,100.0,0.0,0.0
2017-10-11,100.0,100.0,100.0,100.0,0.0,0.0
2017-10-12,100.0,100.0,100.0,100.0,0.0,0.0
2017-10-16,100.0,100.0,100.0,100.0,0.0,0.0
2017-10-17,100.0,100.0,100.0,100.0,0.0,0.0
2017-10-18,100.0,100.0,100.0,100.0,0.0,0.0
2017-10-19,100.0,100.0,100.0,100.0,0.0,0.0
2017-10-20,100.0,100.0,100.0,100.0,0.0,0.0
2017-10-24,100.0,100.0,100.0,100.0,0.0,0.0
2017-10-25,100.0,100.0,100.0,100.0,0.0,0.0
2017-10-27,100.0,100.0,100.0,100.0,0.0,0.0
2017-10-30,100.0,100.0,100.0,100.0,0.0,0.0
2017-10-31,100.0,100.0,100.0,100.0,0.0,0.0
2017-11-01,100.0,100.0,100.0,100.0,0.0,0.0
2017-11-02,100.0,100.0,100.0,100.0,0.0,0.0
2017-11-03,100.0,100.0,100.0,100.0,0.0,0.0
2017-11-06,100.0,100.0,100.0,100.0,0.0,0.0
2017-11-07,100.0,100.0,100.0,100.0,0.0,0.0
2017-11-08,100.0,100.0,100.0,100.0,0.0,0.0
2017-11-09,100.0,100.0,100.0,100.0,0.0,0.0
2017-11-10,100.0,100.0,100.0,100.0,0.0,0.0
2017-11-13,100.0,100.0,100.0,100.0,0.0,0.0
2017-11-14,100.0,100.0,100.0,100.0,0.0,0.0
2017-11-15,100.0,100.0,100.0,100.0,0.0,0.0
2017-11-16,100.0,100.0,100.0,100.0,0.0,0.0
2017-11-17,100.0,100.0,100.0,100.0,0.0,0.0
2017-11-20,100.0,100.0,100.0,100.0,0.0,0.0
2017-11-21,100.0,100.0,100.0,100.0,0.0,0.0
2017-11-22,100.0,100.0,100.0,100.0,0.0,0.0
2017-11-23,100.0,100.0,100.0,100.0,0.0,0.0
2017-11-24,100.0,100.0,100.0,100.0,0.0,0.0
2017-11-27,100.0,100.0,100.0,100.0,0.0,0.0
2017-11-28,100.0,100.0,100.0,100.0,0.0,0.0
2017-11-29,100.0,100.0,100.0,100.0,0.0,0.0
2017-11-30,100.0,100.0,100.0,100.0,0.0,0.0
2017-12-01,100.0,100.0,100.0,100.0,0.0,0.0
2017-12-04,100.0,100.0,100.0,100.0,0.0,0.0
2017-12-06,100.0,100.0,100.0,100.0,0.0,0.0
2017-12-07,100.0,100.0,100.0,100.0,0.0,0.0
2017-12-08,100.0,100.0,100.0,100.0,0.0,0.0
2017-12-12,100.0,100.0,100.0,100.0,0.0,0.0
2017-12-13,100.0,100.0,100.0,100.0,0.0,0.0
2017-12-14,100.0,100.0,100.0,100.0,0.0,0.0
2017-12-15,100.0,100.0,100.0,100.0,0.0,0.0
2017-12-18,100.0,100.0,100.0,100.0,0.0,0.0
2017-12-19,100.0,100.0,100.0,100.0,0.0,0.0
2017-12-20,100.0,100.0,100.0,100.0,0.0,0.0
2017-12-21,100.0,100.0,100.0,100.0,0.0,0.0
2017-12-22,100.0,100.0,100.0,100.0,0.0,0.0
2017-12-25,100.0,100.0,100.0,100.0,0.0,0.0
2017-12-26,100.0,100.0,100.0,100.0,0.0,0.0
2017-12-27,100.0,100.0,100.0,100.0,0.0,0.0
2017-12-28,100.0,100.0,100.0,100.0,0.0,0.0
2017-12-29,100.0,100.0,100.0,100.0,0.0,0.0
2018-01-03,100.0,100.0,100.0,100.0,0.0,0.0
2018-01-04,100.0,100.0,100.0,100.0,0.0,0.0
2018-01-05,100.0,100.0,100.0,100.0,0.0,0.0
2018-01-08,100.0,100.0,100.0,100.0,0.0,0.0
2018-01-09,100.0,100.0,100.0,100.0,0.0,0.0
2018-01-10,100.0,100.0,100.0,100.0,0.0,0.0
2018-01-11,100.0,100.0,100.0,100.0,0.0,0.0
2018-01-12,100.0,100.0,100.0,100.0,0.0,0.0
2018-01-15,100.0,100.0,100.0,100.0,0.0,0.0
2018-01-16,100.0,100.0,100.0,100.0,0.0,0.0
2018-01-17,100.0,100.0,100.0,100.0,0.0,0.0
2018-01-18,100.0,100.0,100.0,100.0,0.0,0.0
2018-01-19,100.0,100.0,100.0,100.0,0.0,0.0
2018-01-22,100.0,100.0,100.0,100.0,0.0,0.0
2018-01-23,100.0,100.0,100.0,100.0,0.0,0.0
2018-01-24,100.0,100.0,100.0,100.0,0.0,0.0
2018-01-25,100.0,100.0,100.0,100.0,0.0,0.0
2018-01-26,100.0,100.0,100.0,100.0,0.0,0.0
2018-01-29,100.0,100.0,100.0,100.0,0.0,0.0
2018-01-30,100.0,100.0,100.0,100.0,0.0,0.0
2018-01-31,100.0,100.0,100.0,100.0,0.0,0.0
2018-02-01,100.0,100.0,100.0,100.0,0.0,0.0
2018-02-02,100.0,100.0,100.0,100.0,0.0,0.0
2018-02-05,100.0,100.0,100.0,100.0,0.0,0.0
2018-02-06,100.0,100.0,100.0,100.0,0.0,0.0
2018-02-07,100.0,100.0,100.0,100.0,0.0,0.0
2018-02-08,100.0,100.0,100.0,100.0,0.0,0.0
2018-02-09,100.0,100.0,100.0,100.0,0.0,0.0
2018-02-12,100.0,100.0,100.0,100.0,0.0,0.0
2018-02-13,100.0,100.0,100.0,100.0,0.0,0.0
2018-02-14,100.0,100.0,100.0,100.0,0.0,0.0
2018-02-15,100.0,100.0,100.0,100.0,0.0,0.0
2018-02-16,100.0,100.0,100.0,100.0,0.0,0.0
2018-02-19,100.0,100.0,100.0,100.0,0.0,0.0
2018-02-20,100.0,100.0,100.0,100.0,0.0,0.0
2018-02-21,100.0,100.0,100.0,100.0,0.0,0.0
2018-02-22,100.0,100.0,100.0,100.0,0.0,0.0
2018-02-23,100.0,100.0,100.0,100.0,0.0,0.0
2018-02-26,100.0,100.0,100.0,100.0,0.0,0.0
2018-02-27,100.0,100.0,100.0,100.0,0.0,0.0
2018-02-28,100.0,100.0,100.0,100.0,0.0,0.0
2018-03-02,100.0,100.0,100.0,100.0,0.0,0.0
2018-03-05,100.0,100.0,100.0,100.0,0.0,0.0
2018-03-06,100.0,100.0,100.0,100.0,0.0,0.0
2018-03-07,100.0,100.0,100.0,100.0,0.0,0.0
2018-03-08,100.0,100.0,100.0,100.0,0.0,0.0
2018-03-09,100.0,100.0,100.0,100.0,0.0,0.0
2018-03-12,100.0,100.0,100.0,100.0,0.0,0.0
2018-03-13,100.0,100.0,100.0,100.0,0.0,0.0
2018-03-14,100.0,100.0,100.0,100.0,0.0,0.0
2018-03-15,100.0,100.0,100.0,100.0,0.0,0.0
2018-03-16,100.0,100.0,100.0,100.0,0.0,0.0
2018-03-19,100.0,100.0,100.0,100.0,0.0,0.0
2018-03-20,100.0,100.0,100.0,100.0,0.0,0.0
2018-03-21,100.0,100.0,100.0,100.0,0.0,0.0
2018-03-22,100.0,100.0,100.0,100.0,0.0,0.0
2018-03-23,100.0,100.0,100.0,100.0,0.0,0.0
2018-03-26,100.0,100.0,100.0,100.0,0.0,0.0
2018-03-27,100.0,100.0,100.0,100.0,0.0,0.0
2018-03-28,100.0,100.0,100.0,100.0,0.0,0.0
2018-03-29,100.0,100.0,100.0,100.0,0.0,0.0
2018-03-30,100.0,100.0,100.0,100.0,0.0,0.0
2018-04-02,100.0,100.0,100.0,100.0,0.0,0.0
2018-04-03,100.0,100.0,100.0,100.0,0.0,0.0
2018-04-04,100.0,100.0,100.0,100.0,0.0,0.0
2018-04-05,100.0,100.0,100.0,100.0,0.0,0.0
2018-04-09,100.0,100.0,100.0,100.0,0.0,0.0
2018-04-10,100.0,100.0,100.0,100.0,0.0,0.0
2018-04-11,100.0,100.0,100.0,100.0,0.0,0.0
2018-04-12,100.0,100.0,100.0,100.0,0.0,0.0
2018-04-17,100.0,100.0,100.0,100.0,0.0,0.0
2018-04-18,100.0,100.0,100.0,100.0,0.0,0.0
2018-04-19,100.0,100.0,100.0,100.0,0.0,0.0
2018-04-20,100.0,100.0,100.0,100.0,0.0,0.0
2018-04-23,100.0,100.0,100.0,100.0,0.0,0.0
2018-04-24,100.0,100.0,100.0,100.0,0.0,0.0
2018-04-25,100.0,100.0,100.0,100.0,0.0,0.0
2018-04-26,100.0,100.0,100.0,100.0,0.0,0.0
2018-04-27,100.0,100.0,100.0,100.0,0.0,0.0
2018-04-30,100.0,100.0,100.0,100.0,0.0,0.0
2018-05-02,100.0,100.0,100.0,100.0,0.0,0.0
2018-05-03,100.0,100.0,100.0,100.0,0.0,0.0
2018-05-04,100.0,100.0,100.0,100.0,0.0,0.0
2018-05-07,100.0,100.0,100.0,100.0,0.0,0.0
2018-05-08,100.0,100.0,100.0,100.0,0.0,0.0
2018-05-09,100.0,100.0,100.0,100.0,0.0,0.0
2018-05-10,100.0,100.0,100.0,100.0,0.0,0.0
2018-05-11,100.0,100.0,100.0,100.0,0.0,0.0
2018-05-14,100.0,100.0,100.0,100.0,0.0,0.0
2018-05-15,100.0,100.0,100.0,100.0,0.0,0.0
2018-05-16,100.0,100.0,100.0,100.0,0.0,0.0
2018-05-17,100.0,100.0,100.0,100.0,0.0,0.0
2018-05-18,100.0,100.0,100.0,100.0,0.0,0.0
2018-05-21,100.0,100.0,100.0,100.0,0.0,0.0
2018-05-22,100.0,100.0,100.0,100.0,0.0,0.0
2018-05-23,100.0,100.0,100.0,100.0,0.0,0.0
2018-05-24,100.0,100.0,100.0,100.0,0.0,0.0
2018-05-25,100.0,100.0,100.0,100.0,0.0,0.0
2018-05-28,100.0,100.0,100.0,100.0,0.0,0.0
2018-05-30,100.0,100.0,100.0,100.0,0.0,0.0
2018-05-31,100.0,100.0,100.0,100.0,0.0,0.0
2018-06-01,100.0,100.0,100.0,100.0,0.0,0.0
2018-06-04,100.0,100.0,100.0,100.0,0.0,0.0
2018-06-05,100.0,100.0,100.0,100.0,0.0,0.0
2018-06-06,100.0,100.0,100.0,100.0,0.0,0.0
2018-06-07,100.0,100.0,100.0,100.0,0.0,0.0
2018-06-08,100.0,100.0,100.0,100.0,0.0,0.0
2018-06-11,100.0,100.0,100.0,100.0,0.0,0.0
2018-06-12,100.0,100.0,100.0,100.0,0.0,0.0
2018-06-13,100.0,100.0,100.0,100.0,0.0,0.0
2018-06-14,100.0,100.0,100.0,100.0,0.0,0.0
2018-06-15,100.0,100.0,100.0,100.0,0.0,0.0
2018-06-18,100.0,100.0,100.0,100.0,0.0,0.0
2018-06-19,100.0,100.0,100.0,100.0,0.0,0.0
2018-06-20,100.0,100.0,100.0,100.0,0.0,0.0
2018-06-21,100.0,100.0,100.0,100.0,0.0,0.0
2018-06-22,100.0,100.0,100.0,100.0,0.0,0.0
2018-06-25,100.0,100.0,100.0,100.0,0.0,0.0
2018-06-26,100.0,100.0,100.0,100.0,0.0,0.0
2018-06-27,100.0,100.0,100.0,100.0,0.0,0.0
2018-06-28,100.0,100.0,100.0,100.0,0.0,0.0
2018-06-29,100.0,100.0,100.0,100.0,0.0,0.0
2018-07-02,100.0,100.0,100.0,100.0,0.0,0.0
2018-07-03,100.0,100.0,100.0,100.0,0.0,0.0
2018-07-04,100.0,100.0,100.0,100.0,0.0,0.0
2018-07-05,100.0,100.0,100.0,100.0,0.0,0.0
2018-07-06,100.0,100.0,100.0,100.0,0.0,0.0
2018-07-09,100.0,100.0,100.0,100.0,0.0,0.0
2018-07-10,100.0,100.0,100.0,100.0,0.0,0.0
2018-07-11,100.0,100.0,100.0,100.0,0.0,0.0
2018-07-12,100.0,100.0,100.0,100.0,0.0,0.0
2018-07-13,100.0,100.0,100.0,100.0,0.0,0.0
2018-07-16,100.0,100.0,100.0,100.0,0.0,0.0
2018-07-17,100.0,100.0,100.0,100.0,0.0,0.0
2018-07-18,100.0,100.0,100.0,100.0,0.0,0.0
2018-07-19,100.0,100.0,100.0,100.0,0.0,0.0
2018-07-20,100.0,100.0,100.0,100.0,0.0,0.0
2018-07-23,100.0,100.0,100.0,100.0,0.0,0.0
2018-07-24,100.0,100.0,100.0,100.0,0.0,0.0
2018-07-25,100.0,100.0,100.0,100.0,0.0,0.0
2018-07-26,100.0,100.0,100.0,100.0,0.0,0.0
2018-07-31,100.0,100.0,100.0,100.0,0.0,0.0
2018-08-01,100.0,100.0,100.0,100.0,0.0,0.0
2018-08-02,100.0,100.0,100.0,100.0,0.0,0.0
2018-08-03,100.0,100.0,100.0,100.0,0.0,0.0
2018-08-06,100.0,100.0,100.0,100.0,0.0,0.0
2018-08-07,100.0,100.0,100.0,100.0,0.0,0.0
2018-08-08,100.0,100.0,100.0,100.0,0.0,0.0
2018-08-09,100.0,100.0,100.0,100.0,0.0,0.0
2018-08-10,100.0,100.0,100.0,100.0,0.0,0.0
2018-08-14,100.0,100.0,100.0,100.0,0.0,0.0
2018-08-15,100.0,100.0,100.0,100.0,0.0,0.0
2018-08-16,100.0,100.0,100.0,100.0,0.0,0.0
2018-08-17,100.0,100.0,100.0,100.0,0.0,0.0
2018-08-20,100.0,100.0,100.0,100.0,0.0,0.0
2018-08-21,100.0,100.0,100.0,100.0,0.0,0.0
2018-08-22,100.0,100.0,100.0,100.0,0.0,0.0
2018-08-23,100.0,100.0,100.0,100.0,0.0,0.0
2018-08-24,100.0,100.0,100.0,100.0,0.0,0.0
2018-08-27,100.0,100.0,100.0,100.0,0.0,0.0
2018-08-28,100.0,100.0,100.0,100.0,0.0,0.0
2018-08-29,100.0,100.0,100.0,100.0,0.0,0.0
2018-08-30,100.0,100.0,100.0,100.0,0.0,0.0
2018-08-31,100.0,100.0,100.0,100.0,0.0,0.0
2018-09-03,100.0,100.0,100.0,100.0,0.0,0.0
2018-09-04,100.0,100.0,100.0,100.0,0.0,0.0
2018-09-05,100.0,100.0,100.0,100.0,0.0,0.0
2018-09-06,100.0,100.0,100.0,100.0,0.0,0.0
2018-09-07,100.0,100.0,100.0,100.0,0.0,0.0
2018-09-10,100.0,100.0,100.0,100.0,0.0,0.0
2018-09-11,100.0,100.0,100.0,100.0,0.0,0.0
2018-09-12,100.0,100.0,100.0,100.0,0.0,0.0
2018-09-13,100.0,100.0,100.0,100.0,0.0,0.0
2018-09-14,100.0,100.0,100.0,100.0,0.0,0.0
2018-09-17,100.0,100.0,100.0,100.0,0.0,0.0
2018-09-18,100.0,100.0,100.0,100.0,0.0,0.0
2018-09-19,100.0,100.0,100.0,100.0,0.0,0.0
2018-09-20,100.0,100.0,100.0,100.0,0.0,0.0
2018-09-21,100.0,100.0,100.0,100.0,0.0,0.0
2018-09-24,100.0,100.0,100.0,100.0,0.0,0.0
2018-09-25,100.0,100.0,100.0,100.0,0.0,0.0
2018-09-26,100.0,100.0,100.0,100.0,0.0,0.0
2018-09-27,100.0,100.0,100.0,100.0,0.0,0.0
2018-09-28,100.0,100.0,100.0,100.0,0.0,0.0
2018-10-01,100.0,100.0,100.0,100.0,0.0,0.0
2018-10-02,100.0,100.0,100.0,100.0,0.0,0.0
2018-10-03,100.0,100.0,100.0,100.0,0.0,0.0
2018-10-04,100.0,100.0,100.0,100.0,0.0,0.0
2018-10-05,100.0,100.0,100.0,100.0,0.0,0.0
2018-10-08,100.0,100.0,100.0,100.0,0.0,0.0
2018-10-09,100.0,100.0,100.0,100.0,0.0,0.0
2018-10-10,100.0,100.0,100.0,100.0,0.0,0.0
2018-10-11,100.0,100.0,100.0,100.0,0.0,0.0
2018-10-12,100.0,100.0,100.0,100.0,0.0,0.0
2018-10-16,100.0,100.0,100.0,100.0,0.0,0.0
2018-10-17,100.0,100.0,100.0,100.0,0.0,0.0
2018-10-18,100.0,100.0,100.0,100.0,0.0,0.0
2018-10-19,100.0,100.0,100.0,100.0,0.0,0.0
2018-10-22,100.0,100.0,100.0,100.0,0.0,0.0
2018-10-24,100.0,100.0,100.0,100.0,0.0,0.0
2018-10-25,100.0,100.0,100.0,100.0,0.0,0.0
2018-10-26,100.0,100.0,100.0,100.0,0.0,0.0
2018-10-29,100.0,100.0,100.0,100.0,0.0,0.0
2018-10-30,100.0,100.0,100.0,100.0,0.0,0.0
2018-10-31,100.0,100.0,100.0,100.0,0.0,0.0
2018-11-01,100.0,100.0,100.0,100.0,0.0,0.0
2018-11-02,100.0,100.0,100.0,100.0,0.0,0.0
2018-11-05,100.0,100.0,100.0,100.0,0.0,0.0
2018-11-06,100.0,100.0,100.0,100.0,0.0,0.0
2018-11-07,100.0,100.0,100.0,100.0,0.0,0.0
2018-11-08,100.0,100.0,100.0,100.0,0.0,0.0
2018-11-09,100.0,100.0,100.0,100.0,0.0,0.0
2018-11-12,100.0,100.0,100.0,100.0,0.0,0.0
2018-11-13,100.0,100.0,100.0,100.0,0.0,0.0
2018-11-14,100.0,100.0,100.0,100.0,0.0,0.0
2018-11-15,100.0,100.0,100.0,100.0,0.0,0.0
2018-11-16,100.0,100.0,100.0,100.0,0.0,0.0
2018-11-19,100.0,100.0,100.0,100.0,0.0,0.0
2018-11-20,100.0,100.0,100.0,100.0,0.0,0.0
2018-11-21,100.0,100.0,100.0,100.0,0.0,0.0
2018-11-22,100.0,100.0,100.0,100.0,0.0,0.0
2018-11-23,100.0,100.0,100.0,100.0,0.0,0.0
2018-11-26,100.0,100.0,100.0,100.0,0.0,0.0
2018-11-27,100.0,100.0,100.0,100.0,0.0,0.0
2018-11-28,100.0,100.0,100.0,100.0,0.0,0.0
2018-11-29,100.0,100.0,100.0,100.0,0.0,0.0
2018-11-30,100.0,100.0,100.0,100.0,0.0,0.0
2018-12-03,100.0,100.0,100.0,100.0,0.0,0.0
2018-12-04,100.0,100.0,100.0,100.0,0.0,0.0
2018-12-06,100.0,100.0,100.0,100.0,0.0,0.0
2018-12-07,100.0,100.0,100.0,100.0,0.0,0.0
2018-12-11,100.0,100.0,100.0,100.0,0.0,0.0
2018-12-12,100.0,100.0,100.0,100.0,0.0,0.0
2018-12-13,100.0,100.0,100.0,100.0,0.0,0.0
2018-12-14,100.0,100.0,100.0,100.0,0.0,0.0
2018-12-17,100.0,100.0,100.0,100.0,0.0,0.0
2018-12-18,100.0,100.0,100.0,100.0,0.0,0.0
2018-12-19,100.0,100.0,100.0,100.0,0.0,0.0
2018-12-20,100.0,100.0,100.0,100.0,0.0,0.0
2018-12-21,100.0,100.0,100.0,100.0,0.0,0.0
2018-12-24,100.0,100.0,100.0,100.0,0.0,0.0
2018-12-25,100.0,100.0,100.0,100.0,0.0,0.0
2018-12-26,100.0,100.0,100.0,100.0,0.0,0.0
2018-12-27,100.0,100.0,100.0,100.0,0.0,0.0
2018-12-28,100.0,100.0,100.0,100.0,0.0,0.0
2019-01-02,100.0,100.0,100.0,100.0,0.0,0.0
2019-01-03,100.0,100.0,100.0,100.0,0.0,0.0
2019-01-04,100.0,100.0,100.0,100.0,0.0,0.0
2019-01-07,100.0,100.0,100.0,100.0,0.0,0.0
2019-01-08,100.0,100.0,100.0,100.0,0.0,0.0
2019-01-09,100.0,100.0,100.0,100.0,0.0,0.0
2019-01-10,100.0,100.0,100.0,100.0,0.0,0.0
2019-01-11,100.0,100.0,100.0,100.0,0.0,0.0
2019-01-14,100.0,100.0,100.0,100.0,0.0,0.0
2019-01-15,100.0,100.0,100.0,100.0,0.0,0.0
2019-01-16,100.0,100.0,100.0,100.0,0.0,0.0
2019-01-17,100.0,100.0,100.0,100.0,0.0,0.0
2019-01-18,100.0,100.0,100.0,100.0,0.0,0.0
2019-01-21,100.0,100.0,100.0,100.0,0.0,0.0
2019-01-22,100.0,100.0,100.0,100.0,0.0,0.0
2019-01-23,100.0,100.0,100.0,100.0,0.0,0.0
2019-01-24,100.0,100.0,100.0,100.0,0.0,0.0
2019-01-25,100.0,100.0,100.0,100.0,0.0,0.0
2019-01-28,100.0,100.0,100.0,100.0,0.0,0.0
2019-01-29,100.0,100.0,100.0,100.0,0.0,0.0
2019-01-30,100.0,100.0,100.0,100.0,0.0,0.0
2019-01-31,100.0,100.0,100.0,100.0,0.0,0.0
2019-02-01,100.0,100.0,100.0,100.0,0.0,0.0
2019-02-04,100.0,100.0,100.0,100.0,0.0,0.0
2019-02-05,100.0,100.0,100.0,100.0,0.0,0.0
2019-02-06,100.0,100.0,100.0,100.0,0.0,0.0
2019-02-07,100.0,100.0,100.0,100.0,0.0,0.0
2019-02-08,100.0,100.0,100.0,100.0,0.0,0.0
2019-02-11,100.0,100.0,100.0,100.0,0.0,0.0
2019-02-12,100.0,100.0,100.0,100.0,0.0,0.0
2019-02-13,100.0,100.0,100.0,100.0,0.0,0.0
2019-02-14,100.0,100.0,100.0,100.0,0.0,0.0
2019-02-15,100.0,100.0,100.0,100.0,0.0,0.0
2019-02-18,100.0,100.0,100.0,100.0,0.0,0.0
2019-02-20,100.0,100.0,100.0,100.0,0.0,0.0
2019-02-21,100.0,100.0,100.0,100.0,0.0,0.0
2019-02-22,100.0,100.0,100.0,100.0,0.0,0.0
2019-02-25,100.0,100.0,100.0,100.0,0.0,0.0
2019-02-26,100.0,100.0,100.0,100.0,0.0,0.0
2019-02-27,100.0,100.0,100.0,100.0,0.0,0.0
2019-02-28,100.0,100.0,100.0,100.0,0.0,0.0
2019-03-01,100.0,100.0,100.0,100.0,0.0,0.0
2019-03-04,100.0,100.0,100.0,100.0,0.0,0.0
2019-03-05,100.0,100.0,100.0,100.0,0.0,0.0
2019-03-06,100.0,100.0,100.0,100.0,0.0,0.0
2019-03-07,100.0,100.0,100.0,100.0,0.0,0.0
2019-03-08,100.0,100.0,100.0,100.0,0.0,0.0
2019-03-11,100.0,100.0,100.0,100.0,0.0,0.0
2019-03-12,100.0,100.0,100.0,100.0,0.0,0.0
2019-03-13,100.0,100.0,100.0,100.0,0.0,0.0
2019-03-14,100.0,100.0,100.0,100.0,0.0,0.0
2019-03-15,100.0,100.0,100.0,100.0,0.0,0.0
2019-03-18,100.0,100.0,100.0,100.0,0.0,0.0
2019-03-19,100.0,100.0,100.0,100.0,0.0,0.0
2019-03-20,100.0,100.0,100.0,100.0,0.0,0.0
2019-03-21,100.0,100.0,100.0,100.0,0.0,0.0
2019-03-22,100.0,100.0,100.0,100.0,0.0,0.0
2019-03-25,100.0,100.0,100.0,100.0,0.0,0.0
2019-03-26,100.0,100.0,100.0,100.0,0.0,0.0
2019-03-27,100.0,100.0,100.0,100.0,0.0,0.0
2019-03-28,100.0,100.0,100.0,100.0,0.0,0.0
2019-03-29,100.0,100.0,100.0,100.0,0.0,0.0
2019-04-01,100.0,100.0,100.0,100.0,0.0,0.0
2019-04-02,100.0,100.0,100.0,100.0,0.0,0.0
2019-04-03,100.0,100.0,100.0,100.0,0.0,0.0
2019-04-04,100.0,100.0,100.0,100.0,0.0,0.0
2019-04-05,100.0,100.0,100.0,100.0,0.0,0.0
2019-04-09,100.0,100.0,100.0,100.0,0.0,0.0
2019-04-10,100.0,100.0,100.0,100.0,0.0,0.0
2019-04-11,100.0,100.0,100.0,100.0,0.0,0.0
2019-04-12,100.0,100.0,100.0,100.0,0.0,0.0
2019-04-17,100.0,100.0,100.0,100.0,0.0,0.0
2019-04-18,100.0,100.0,100.0,100.0,0.0,0.0
2019-04-19,100.0,100.0,100.0,100.0,0.0,0.0
2019-04-22,100.0,100.0,100.0,100.0,0.0,0.0
2019-04-23,100.0,100.0,100.0,100.0,0.0,0.0
2019-04-24,100.0,100.0,100.0,100.0,0.0,0.0
2019-04-25,100.0,100.0,100.0,100.0,0.0,0.0
2019-04-26,100.0,100.0,100.0,100.0,0.0,0.0
2019-04-29,100.0,100.0,100.0,100.0,0.0,0.0
2019-04-30,100.0,100.0,100.0,100.0,0.0,0.0
2019-05-02,100.0,100.0,100.0,100.0,0.0,0.0
2019-05-03,100.0,100.0,100.0,100.0,0.0,0.0
2019-05-07,100.0,100.0,100.0,100.0,0.0,0.0
2019-05-08,100.0,100.0,100.0,100.0,0.0,0.0
2019-05-09,100.0,100.0,100.0,100.0,0.0,0.0
2019-05-10,100.0,100.0,100.0,100.0,0.0,0.0
2019-05-13,100.0,100.0,100.0,100.0,0.0,0.0
2019-05-14,100.0,100.0,100.0,100.0,0.0,0.0
2019-05-15,100.0,100.0,100.0,100.0,0.0,0.0
2019-05-16,100.0,100.0,100.0,100.0,0.0,0.0
2019-05-17,100.0,100.0,100.0,100.0,0.0,0.0
2019-05-21,100.0,100.0,100.0,100.0,0.0,0.0
2019-05-22,100.0,100.0,100.0,100.0,0.0,0.0
2019-05-23,100.0,100.0,100.0,100.0,0.0,0.0
2019-05-24,100.0,100.0,100.0,100.0,0.0,0.0
2019-05-27,100.0,100.0,100.0,100.0,0.0,0.0
2019-05-28,100.0,100.0,100.0,100.0,0.0,0.0
2019-05-29,100.0,100.0,100.0,100.0,0.0,0.0
2019-05-30,100.0,100.0,100.0,100.0,0.0,0.0
2019-05-31,100.0,100.0,100.0,100.0,0.0,0.0
2019-06-04,100.0,100.0,100.0,100.0,0.0,0.0
2019-06-05,100.0,100.0,100.0,100.0,0.0,0.0
2019-06-06,100.0,100.0,100.0,100.0,0.0,0.0
2019-06-07,100.0,100.0,100.0,100.0,0.0,0.0
2019-06-10,100.0,100.0,100.0,100.0,0.0,0.0
2019-06-11,100.0,100.0,100.0,100.0,0.0,0.0
2019-06-12,100.0,100.0,100.0,100.0,0.0,0.0
2019-06-13,100.0,100.0,100.0,100.0,0.0,0.0
2019-06-14,100.0,100.0,100.0,100.0,0.0,0.0
2019-06-17,100.0,100.0,100.0,100.0,0.0,0.0
2019-06-18,100.0,100.0,100.0,100.0,0.0,0.0
2019-06-19,100.0,100.0,100.0,100.0,0.0,0.0
2019-06-20,100.0,100.0,100.0,100.0,0.0,0.0
2019-06-21,100.0,100.0,100.0,100.0,0.0,0.0
2019-06-24,100.0,100.0,100.0,100.0,0.0,0.0
2019-06-25,100.0,100.0,100.0,100.0,0.0,0.0
2019-06-26,100.0,100.0,100.0,100.0,0.0,0.0
2019-06-27,100.0,100.0,100.0,100.0,0.0,0.0
2019-06-28,100.0,100.0,100.0,100.0,0.0,0.0
2019-07-01,100.0,100.0,100.0,100.0,0.0,0.0
2019-07-02,100.0,100.0,100.0,100.0,0.0,0.0
2019-07-03,100.0,100.0,100.0,100.0,0.0,0.0
2019-07-04,95.0,135.0,92.0,134.0,0.34,0.29266961396282004
2019-07-05,135.0,178.0,133.0,169.0,0.26119402985074625,0.23205891497216208
2019-07-08,170.0,171.0,116.0,126.0,-0.25443786982248523,-0.29361680797159545
2019-07-09,128.0,137.0,110.0,124.0,-0.015873015873015872,-0.01600034134644119
2019-07-10,124.0,148.0,124.0,137.0,0.10483870967741936,0.09969936022308797
2019-07-11,138.0,145.0,136.0,140.0,0.021897810218978103,0.021661496781179467
2019-07-12,140.0,142.0,133.0,134.0,-0.04285714285714286,-0.04380262265839289
2019-07-15,133.0,137.0,130.0,131.0,-0.022388059701492536,-0.022642476749759777
2019-07-17,123.0,124.0,115.0,115.0,-0.12213740458015267,-0.13026519483790147
2019-07-18,115.0,115.0,110.0,112.0,-0.02608695652173913,-0.026433257068155483
2019-07-19,114.0,124.0,113.0,118.0,0.05357142857142857,0.05218575317057025
2019-07-22,118.0,119.0,108.0,111.0,-0.059322033898305086,-0.06115442315333058
2019-07-23,111.0,112.0,93.0,99.0,-0.10810810810810811,-0.11441035117774422
2019-07-24,100.0,113.0,98.0,99.0,0.0,0.0
2019-07-25,99.0,100.0,94.0,97.0,-0.020202020202020204,-0.020408871631207123
2019-07-26,98.0,99.0,94.0,96.0,-0.010309278350515464,-0.010362787035546547
2019-07-30,96.0,99.0,95.0,96.0,0.0,0.0
2019-07-31,96.0,97.0,94.0,95.0,-0.010416666666666666,-0.010471299867295366
2019-08-01,97.0,97.0,94.0,95.0,0.0,0.0
2019-08-02,95.0,95.0,91.0,93.0,-0.021052631578947368,-0.02127739844728485
2019-08-05,93.0,103.0,92.0,93.0,0.0,0.0
2019-08-06,93.0,93.0,82.0,85.0,-0.08602150537634409,-0.08994823666293952
2019-08-07,86.0,86.0,81.0,85.0,0.0,0.0
2019-08-08,85.0,86.0,81.0,83.0,-0.023529411764705882,-0.02381064869371856
2019-08-09,83.0,84.0,78.0,80.0,-0.03614457831325301,-0.036813973122716316
2019-08-13,104.0,106.0,93.0,93.0,0.1625,0.1505728584793744
2019-08-14,95.0,95.0,89.0,89.0,-0.043010752688172046,-0.04396312342111606
2019-08-15,85.0,94.0,81.0,83.0,-0.06741573033707865,-0.06979576193554198
2019-08-16,83.0,88.0,83.0,85.0,0.024096385542168676,0.023810648693718607
2019-08-19,85.0,86.0,83.0,83.0,-0.023529411764705882,-0.02381064869371856
2019-08-20,83.0,85.0,82.0,82.0,-0.012048192771084338,-0.01212136053234485
2019-08-21,82.0,85.0,79.0,80.0,-0.024390243902439025,-0.02469261259037152
2019-08-22,80.0,83.0,74.0,74.0,-0.075,-0.0779615414697118
2019-08-23,73.0,85.0,73.0,77.0,0.04054054054054054,0.03974032864951412
2019-08-26,77.0,80.0,75.0,76.0,-0.012987012987012988,-0.013072081567352775
2019-08-27,76.0,78.0,74.0,75.0,-0.013157894736842105,-0.01324522675002068
2019-08-28,75.0,87.0,75.0,80.0,0.06666666666666667,0.06453852113757116
2019-08-29,79.0,81.0,78.0,80.0,0.0,0.0
2019-08-30,79.0,81.0,77.0,79.0,-0.0125,-0.012578782206860073
2019-09-02,78.0,83.0,75.0,80.0,0.012658227848101266,0.012578782206860185
2019-09-03,80.0,96.0,79.0,82.0,0.025,0.024692612590371414
2019-09-04,81.0,89.0,81.0,85.0,0.036585365853658534,0.03593200922606337
2019-09-05,86.0,88.0,84.0,84.0,-0.011764705882352941,-0.011834457647002796
2019-09-06,84.0,85.0,83.0,84.0,0.0,0.0
2019-09-09,84.0,87.0,84.0,85.0,0.011904761904761904,0.011834457647002798
2019-09-10,85.0,87.0,85.0,87.0,0.023529411764705882,0.023256862164267183
2019-09-11,87.0,90.0,86.0,90.0,0.034482758620689655,0.033901551675681416
2019-09-12,91.0,91.0,83.0,85.0,-0.05555555555555555,-0.05715841383994864
2019-09-13,92.0,92.0,83.0,83.0,-0.023529411764705882,-0.02381064869371856
2019-09-16,86.0,86.0,81.0,83.0,0.0,0.0
2019-09-17,82.0,84.0,82.0,83.0,0.0,0.0
2019-09-18,83.0,84.0,81.0,84.0,0.012048192771084338,0.01197619104671562
2019-09-19,84.0,85.0,82.0,82.0,-0.023809523809523808,-0.02409755157906053
2019-09-20,82.0,85.0,81.0,82.0,0.0,0.0
2019-09-23,83.0,87.0,81.0,87.0,0.06097560975609756,0.059188871390330654
2019-09-24,85.0,88.0,83.0,84.0,-0.034482758620689655,-0.03509131981127006
2019-09-25,85.0,86.0,80.0,84.0,0.0,0.0
2019-09-26,84.0,85.0,83.0,83.0,-0.011904761904761904,-0.01197619104671565
2019-09-27,83.0,88.0,83.0,84.0,0.012048192771084338,0.01197619104671562
2019-09-30,85.0,85.0,82.0,85.0,0.011904761904761904,0.011834457647002798
2019-10-01,83.0,85.0,83.0,83.0,-0.023529411764705882,-0.02381064869371856
2019-10-02,84.0,84.0,82.0,82.0,-0.012048192771084338,-0.01212136053234485
2019-10-03,82.0,82.0,79.0,80.0,-0.024390243902439025,-0.02469261259037152
2019-10-04,75.0,84.0,75.0,80.0,0.0,0.0
2019-10-07,80.0,83.0,80.0,81.0,0.0125,0.01242251999855711
2019-10-08,81.0,81.0,80.0,80.0,-0.012345679012345678,-0.012422519998557209
2019-10-09,81.0,84.0,79.0,84.0,0.05,0.04879016416943204
2019-10-10,84.0,85.0,83.0,84.0,0.0,0.0
2019-10-11,84.0,85.0,82.0,82.0,-0.023809523809523808,-0.02409755157906053
2019-10-15,80.0,83.0,80.0,82.0,0.0,0.0
2019-10-16,84.0,84.0,81.0,83.0,0.012195121951219513,0.01212136053234482
2019-10-17,81.0,84.0,81.0,83.0,0.0,0.0
2019-10-18,83.0,83.0,81.0,81.0,-0.024096385542168676,-0.024391453124159124
2019-10-21,81.0,83.0,80.0,80.0,-0.012345679012345678,-0.012422519998557209
2019-10-22,81.0,83.0,80.0,81.0,0.0125,0.01242251999855711
2019-10-24,83.0,83.0,81.0,81.0,0.0,0.0
2019-10-25,81.0,83.0,80.0,81.0,0.0,0.0
2019-10-28,81.0,83.0,80.0,80.0,-0.012345679012345678,-0.012422519998557209
2019-10-29,80.0,82.0,80.0,80.0,0.0,0.0
2019-10-30,80.0,81.0,80.0,80.0,0.0,0.0
2019-10-31,81.0,81.0,80.0,80.0,0.0,0.0
2019-11-01,81.0,81.0,79.0,79.0,-0.0125,-0.012578782206860073
2019-11-04,80.0,81.0,78.0,80.0,0.012658227848101266,0.012578782206860185
2019-11-05,81.0,81.0,79.0,79.0,-0.0125,-0.012578782206860073
2019-11-06,79.0,80.0,76.0,80.0,0.012658227848101266,0.012578782206860185
2019-11-07,80.0,80.0,74.0,80.0,0.0,0.0
2019-11-08,80.0,80.0,79.0,79.0,-0.0125,-0.012578782206860073
2019-11-11,80.0,90.0,79.0,90.0,0.13924050632911392,0.13036181786324363
2019-11-12,90.0,92.0,80.0,85.0,-0.05555555555555555,-0.05715841383994864
2019-11-13,85.0,86.0,79.0,85.0,0.0,0.0
2019-11-14,85.0,85.0,81.0,85.0,0.0,0.0
2019-11-15,85.0,85.0,81.0,85.0,0.0,0.0
2019-11-18,85.0,85.0,81.0,83.0,-0.023529411764705882,-0.02381064869371856
2019-11-19,80.0,85.0,80.0,85.0,0.024096385542168676,0.023810648693718607
2019-11-20,81.0,85.0,81.0,84.0,-0.011764705882352941,-0.011834457647002796
2019-11-21,83.0,85.0,81.0,85.0,0.011904761904761904,0.011834457647002798
2019-11-22,81.0,85.0,80.0,80.0,-0.058823529411764705,-0.060624621816434854
2019-11-25,80.0,85.0,79.0,85.0,0.0625,0.06062462181643484
2019-11-26,81.0,84.0,80.0,84.0,-0.011764705882352941,-0.011834457647002796
2019-11-27,81.0,81.0,79.0,80.0,-0.047619047619047616,-0.048790164169432056
2019-11-28,76.0,81.0,76.0,77.0,-0.0375,-0.03822121282019774
2019-11-29,67.0,80.0,67.0,78.0,0.012987012987012988,0.012903404835907782
2019-12-02,77.0,79.0,76.0,76.0,-0.02564102564102564,-0.025975486403260677
2019-12-03,79.0,82.0,73.0,78.0,0.02631578947368421,0.025975486403260736
2019-12-04,78.0,78.0,76.0,76.0,-0.02564102564102564,-0.025975486403260677
2019-12-06,70.0,73.0,70.0,70.0,-0.07894736842105263,-0.08223809823697212
2019-12-09,70.0,70.0,65.0,66.0,-0.05714285714285714,-0.058840500022933465
2019-12-11,69.0,73.0,65.0,67.0,0.015151515151515152,0.015037877364540502
2019-12-12,67.0,72.0,67.0,68.0,0.014925373134328358,0.014815085785140682
2019-12-13,68.0,70.0,66.0,69.0,0.014705882352941176,0.014598799421152631
2019-12-16,69.0,69.0,67.0,67.0,-0.028985507246376812,-0.02941388520629334
2019-12-17,67.0,69.0,66.0,66.0,-0.014925373134328358,-0.015037877364540559
2019-12-18,65.0,68.0,65.0,65.0,-0.015151515151515152,-0.01526747213078842
2019-12-19,65.0,68.0,64.0,68.0,0.046153846153846156,0.04512043528046964
2019-12-20,65.0,69.0,65.0,66.0,-0.029411764705882353,-0.02985296314968116
2019-12-23,66.0,75.0,66.0,70.0,0.06060606060606061,0.058840500022933395
2019-12-24,66.0,75.0,66.0,70.0,0.0,0.0
2019-12-25,66.0,75.0,66.0,70.0,0.0,0.0
2019-12-26,67.0,72.0,64.0,64.0,-0.08571428571428572,-0.08961215868968717
2019-12-27,54.0,64.0,54.0,63.0,-0.015625,-0.015748356968139168
2019-12-30,53.0,68.0,53.0,64.0,0.015873015873015872,0.015748356968139112
2020-01-02,65.0,68.0,62.0,65.0,0.015625,0.015504186535965254
2020-01-03,65.0,65.0,62.0,65.0,0.0,0.0
2020-01-06,65.0,65.0,62.0,62.0,-0.046153846153846156,-0.0472528848505455
2020-01-07,62.0,65.0,62.0,63.0,0.016129032258064516,0.01600034134644112
2020-01-08,64.0,68.0,63.0,66.0,0.047619047619047616,0.04652001563489291
2020-01-09,66.0,70.0,65.0,70.0,0.06060606060606061,0.058840500022933395
2020-01-10,67.0,69.0,65.0,68.0,-0.02857142857142857,-0.028987536873252298
2020-01-13,65.0,68.0,65.0,66.0,-0.029411764705882353,-0.02985296314968116
2020-01-14,71.0,72.0,65.0,66.0,0.0,0.0
2020-01-15,66.0,67.0,65.0,65.0,-0.015151515151515152,-0.01526747213078842
2020-01-16,67.0,70.0,63.0,69.0,0.06153846153846154,0.05971923470162228
2020-01-17,65.0,70.0,65.0,69.0,0.0,0.0
2020-01-20,70.0,70.0,66.0,66.0,-0.043478260869565216,-0.04445176257083381
2020-01-21,64.0,68.0,64.0,68.0,0.030303030303030304,0.02985296314968113
2020-01-22,68.0,68.0,60.0,67.0,-0.014705882352941176,-0.014815085785140587
2020-01-23,67.0,69.0,64.0,67.0,0.0,0.0
2020-01-24,65.0,72.0,65.0,66.0,-0.014925373134328358,-0.015037877364540559
2020-01-27,65.0,70.0,62.0,64.0,-0.030303030303030304,-0.03077165866675366
2020-01-28,64.0,67.0,60.0,63.0,-0.015625,-0.015748356968139168
2020-01-29,61.0,62.0,60.0,62.0,-0.015873015873015872,-0.01600034134644119
2020-01-30,60.0,62.0,59.0,62.0,0.0,0.0
2020-01-31,57.0,66.0,57.0,60.0,-0.03225806451612903,-0.03278982282299084
2020-02-03,62.0,67.0,59.0,61.0,0.016666666666666666,0.016529301951210506
2020-02-04,57.0,58.0,57.0,58.0,-0.04918032786885246,-0.05043085362689197
2020-02-05,59.0,59.0,50.0,52.0,-0.10344827586206896,-0.10919929196499197
2020-02-06,52.0,64.0,52.0,53.0,0.019230769230769232,0.01904819497069441
2020-02-07,54.0,54.0,50.0,50.0,-0.05660377358490566,-0.05826890812397576
2020-02-11,50.0,52.0,50.0,52.0,0.04,0.03922071315328133
2020-02-12,52.0,54.0,50.0,51.0,-0.019230769230769232,-0.019418085857101627
2020-02-13,52.0,53.0,50.0,52.0,0.0196078431372549,0.019418085857101516
2020-02-14,53.0,53.0,50.0,50.0,-0.038461538461538464,-0.03922071315328127
2020-02-17,52.0,53.0,50.0,51.0,0.02,0.01980262729617973
2020-02-18,52.0,52.0,50.0,51.0,0.0,0.0
2020-02-19,52.0,59.0,50.0,52.0,0.0196078431372549,0.019418085857101516
2020-02-20,50.0,51.0,50.0,51.0,-0.019230769230769232,-0.019418085857101627
2020-02-21,50.0,50.0,50.0,50.0,-0.0196078431372549,-0.019802627296179754
2020-02-24,50.0,50.0,50.0,50.0,0.0,0.0
2020-02-25,52.0,52.0,50.0,50.0,0.0,0.0
2020-02-26,50.0,50.0,50.0,50.0,0.0,0.0
2020-02-27,50.0,50.0,50.0,50.0,0.0,0.0
2020-02-28,50.0,50.0,50.0,50.0,0.0,0.0
2020-03-02,50.0,50.0,50.0,50.0,0.0,0.0
2020-03-03,50.0,50.0,50.0,50.0,0.0,0.0
2020-03-04,50.0,50.0,50.0,50.0,0.0,0.0
2020-03-05,50.0,50.0,50.0,50.0,0.0,0.0
2020-03-06,50.0,50.0,50.0,50.0,0.0,0.0
2020-03-09,50.0,54.0,50.0,50.0,0.0,0.0
2020-03-10,50.0,50.0,50.0,50.0,0.0,0.0
2020-03-11,50.0,50.0,50.0,50.0,0.0,0.0
2020-03-12,50.0,50.0,50.0,50.0,0.0,0.0
2020-03-13,50.0,50.0,50.0,50.0,0.0,0.0
2020-03-16,50.0,50.0,50.0,50.0,0.0,0.0
2020-03-17,50.0,50.0,50.0,50.0,0.0,0.0
2020-03-18,50.0,50.0,50.0,50.0,0.0,0.0
2020-03-19,50.0,50.0,50.0,50.0,0.0,0.0
2020-03-20,50.0,50.0,50.0,50.0,0.0,0.0
2020-03-23,50.0,50.0,50.0,50.0,0.0,0.0
2020-03-24,50.0,50.0,50.0,50.0,0.0,0.0
2020-03-25,50.0,50.0,50.0,50.0,0.0,0.0
2020-03-26,50.0,50.0,50.0,50.0,0.0,0.0
2020-03-27,50.0,50.0,50.0,50.0,0.0,0.0
2020-03-30,50.0,50.0,50.0,50.0,0.0,0.0
2020-03-31,50.0,50.0,50.0,50.0,0.0,0.0
2020-04-01,50.0,50.0,50.0,50.0,0.0,0.0
2020-04-02,50.0,50.0,50.0,50.0,0.0,0.0
2020-04-03,50.0,50.0,50.0,50.0,0.0,0.0
2020-04-07,54.0,54.0,50.0,50.0,0.0,0.0
2020-04-08,50.0,50.0,50.0,50.0,0.0,0.0
2020-04-09,50.0,55.0,50.0,50.0,0.0,0.0
2020-04-10,50.0,55.0,50.0,50.0,0.0,0.0
2020-04-13,50.0,50.0,50.0,50.0,0.0,0.0
2020-04-14,50.0,50.0,50.0,50.0,0.0,0.0
2020-04-15,50.0,50.0,50.0,50.0,0.0,0.0
2020-04-16,54.0,54.0,50.0,50.0,0.0,0.0
2020-04-17,50.0,50.0,50.0,50.0,0.0,0.0
2020-04-20,50.0,50.0,50.0,50.0,0.0,0.0
2020-04-21,50.0,50.0,50.0,50.0,0.0,0.0
2020-04-22,50.0,50.0,50.0,50.0,0.0,0.0
2020-04-23,50.0,50.0,50.0,50.0,0.0,0.0
2020-04-24,50.0,50.0,50.0,50.0,0.0,0.0
2020-04-27,50.0,50.0,50.0,50.0,0.0,0.0
2020-04-28,50.0,50.0,50.0,50.0,0.0,0.0
2020-04-29,50.0,50.0,50.0,50.0,0.0,0.0
2020-04-30,50.0,50.0,50.0,50.0,0.0,0.0
2020-05-05,50.0,50.0,50.0,50.0,0.0,0.0
2020-05-07,50.0,50.0,50.0,50.0,0.0,0.0
2020-05-08,50.0,50.0,50.0,50.0,0.0,0.0
2020-05-11,50.0,50.0,50.0,50.0,0.0,0.0
2020-05-12,51.0,56.0,50.0,50.0,0.0,0.0
2020-05-13,50.0,50.0,50.0,50.0,0.0,0.0
2020-05-14,50.0,50.0,50.0,50.0,0.0,0.0
2020-05-15,50.0,50.0,50.0,50.0,0.0,0.0
2020-05-18,50.0,50.0,50.0,50.0,0.0,0.0
2020-05-19,50.0,50.0,50.0,50.0,0.0,0.0
2020-05-20,50.0,50.0,50.0,50.0,0.0,0.0
2020-05-21,50.0,50.0,50.0,50.0,0.0,0.0
2020-05-22,50.0,50.0,50.0,50.0,0.0,0.0
2020-05-25,50.0,50.0,50.0,50.0,0.0,0.0
2020-05-26,50.0,50.0,50.0,50.0,0.0,0.0
2020-05-27,50.0,50.0,50.0,50.0,0.0,0.0
2020-05-28,50.0,50.0,50.0,50.0,0.0,0.0
2020-05-29,50.0,50.0,50.0,50.0,0.0,0.0
2020-06-01,50.0,50.0,50.0,50.0,0.0,0.0
2020-06-02,50.0,50.0,50.0,50.0,0.0,0.0
2020-06-04,50.0,50.0,50.0,50.0,0.0,0.0
2020-06-05,50.0,50.0,50.0,50.0,0.0,0.0
2020-06-08,50.0,50.0,50.0,50.0,0.0,0.0
2020-06-09,50.0,50.0,50.0,50.0,0.0,0.0
2020-06-10,50.0,50.0,50.0,50.0,0.0,0.0
2020-06-11,50.0,50.0,50.0,50.0,0.0,0.0
2020-06-12,50.0,50.0,50.0,50.0,0.0,0.0
2020-06-15,50.0,50.0,50.0,50.0,0.0,0.0
2020-06-16,50.0,50.0,50.0,50.0,0.0,0.0
2020-06-17,50.0,50.0,50.0,50.0,0.0,0.0
2020-06-18,50.0,50.0,50.0,50.0,0.0,0.0
2020-06-19,50.0,50.0,50.0,50.0,0.0,0.0
2020-06-22,50.0,50.0,50.0,50.0,0.0,0.0
2020-06-23,50.0,50.0,50.0,50.0,0.0,0.0
2020-06-24,50.0,50.0,50.0,50.0,0.0,0.0
2020-06-25,50.0,50.0,50.0,50.0,0.0,0.0
2020-06-26,50.0,50.0,50.0,50.0,0.0,0.0
2020-06-29,50.0,50.0,50.0,50.0,0.0,0.0
2020-06-30,50.0,50.0,50.0,50.0,0.0,0.0
2020-07-01,50.0,50.0,50.0,50.0,0.0,0.0
2020-07-02,50.0,50.0,50.0,50.0,0.0,0.0
2020-07-03,50.0,50.0,50.0,50.0,0.0,0.0
2020-07-07,50.0,50.0,50.0,50.0,0.0,0.0
2020-07-08,50.0,50.0,50.0,50.0,0.0,0.0
2020-07-09,50.0,50.0,50.0,50.0,0.0,0.0
2020-07-10,50.0,50.0,50.0,50.0,0.0,0.0
2020-07-13,50.0,50.0,50.0,50.0,0.0,0.0
2020-07-14,50.0,50.0,50.0,50.0,0.0,0.0
2020-07-15,50.0,50.0,50.0,50.0,0.0,0.0
2020-07-16,50.0,50.0,50.0,50.0,0.0,0.0
2020-07-17,50.0,50.0,50.0,50.0,0.0,0.0
2020-07-20,50.0,50.0,50.0,50.0,0.0,0.0
2020-07-21,50.0,50.0,50.0,50.0,0.0,0.0
2020-07-22,50.0,50.0,50.0,50.0,0.0,0.0
2020-07-23,50.0,54.0,50.0,50.0,0.0,0.0
2020-07-24,50.0,50.0,50.0,50.0,0.0,0.0
2020-07-29,50.0,50.0,50.0,50.0,0.0,0.0
2020-07-30,50.0,50.0,50.0,50.0,0.0,0.0
2020-07-31,50.0,50.0,50.0,50.0,0.0,0.0
2020-08-03,50.0,50.0,50.0,50.0,0.0,0.0
2020-08-04,50.0,50.0,50.0,50.0,0.0,0.0
2020-08-05,50.0,50.0,50.0,50.0,0.0,0.0
2020-08-06,50.0,50.0,50.0,50.0,0.0,0.0
2020-08-07,50.0,50.0,50.0,50.0,0.0,0.0
2020-08-10,50.0,50.0,50.0,50.0,0.0,0.0
2020-08-11,50.0,50.0,50.0,50.0,0.0,0.0
2020-08-13,50.0,50.0,50.0,50.0,0.0,0.0
2020-08-14,50.0,50.0,50.0,50.0,0.0,0.0
2020-08-17,50.0,50.0,50.0,50.0,0.0,0.0
2020-08-18,50.0,50.0,50.0,50.0,0.0,0.0
2020-08-19,50.0,50.0,50.0,50.0,0.0,0.0
2020-08-20,50.0,50.0,50.0,50.0,0.0,0.0
2020-08-21,50.0,50.0,50.0,50.0,0.0,0.0
2020-08-24,50.0,50.0,50.0,50.0,0.0,0.0
2020-08-25,50.0,50.0,50.0,50.0,0.0,0.0
2020-08-26,50.0,50.0,50.0,50.0,0.0,0.0
2020-08-27,50.0,50.0,50.0,50.0,0.0,0.0
2020-08-28,50.0,50.0,50.0,50.0,0.0,0.0
2020-08-31,50.0,50.0,50.0,50.0,0.0,0.0
2020-09-01,50.0,50.0,50.0,50.0,0.0,0.0
2020-09-02,50.0,50.0,50.0,50.0,0.0,0.0
2020-09-03,50.0,50.0,50.0,50.0,0.0,0.0
2020-09-08,50.0,50.0,50.0,50.0,0.0,0.0
2020-09-09,50.0,50.0,50.0,50.0,0.0,0.0
2020-09-10,50.0,50.0,50.0,50.0,0.0,0.0
2020-09-11,50.0,50.0,50.0,50.0,0.0,0.0
2020-09-14,50.0,50.0,50.0,50.0,0.0,0.0
2020-09-15,50.0,50.0,50.0,50.0,0.0,0.0
2020-09-16,50.0,50.0,50.0,50.0,0.0,0.0
2020-09-17,50.0,50.0,50.0,50.0,0.0,0.0
2020-09-18,50.0,50.0,50.0,50.0,0.0,0.0
2020-09-21,50.0,50.0,50.0,50.0,0.0,0.0
2020-09-22,50.0,50.0,50.0,50.0,0.0,0.0
2020-09-23,50.0,50.0,50.0,50.0,0.0,0.0
2020-09-24,50.0,50.0,50.0,50.0,0.0,0.0
2020-09-25,50.0,50.0,50.0,50.0,0.0,0.0
2020-09-28,50.0,50.0,50.0,50.0,0.0,0.0
2020-09-29,50.0,50.0,50.0,50.0,0.0,0.0
2020-09-30,50.0,50.0,50.0,50.0,0.0,0.0
2020-10-01,50.0,50.0,50.0,50.0,0.0,0.0
2020-10-02,50.0,50.0,50.0,50.0,0.0,0.0
2020-10-05,50.0,50.0,50.0,50.0,0.0,0.0
2020-10-06,50.0,50.0,50.0,50.0,0.0,0.0
2020-10-07,50.0,50.0,50.0,50.0,0.0,0.0
2020-10-08,50.0,50.0,50.0,50.0,0.0,0.0
2020-10-09,50.0,50.0,50.0,50.0,0.0,0.0
2020-10-12,50.0,50.0,50.0,50.0,0.0,0.0
2020-10-14,50.0,50.0,50.0,50.0,0.0,0.0
2020-10-15,50.0,50.0,50.0,50.0,0.0,0.0
2020-10-16,50.0,50.0,50.0,50.0,0.0,0.0
2020-10-19,50.0,50.0,50.0,50.0,0.0,0.0
2020-10-20,50.0,50.0,50.0,50.0,0.0,0.0
2020-10-21,50.0,50.0,50.0,50.0,0.0,0.0
2020-10-22,50.0,50.0,50.0,50.0,0.0,0.0
2020-10-26,50.0,50.0,50.0,50.0,0.0,0.0
2020-10-27,50.0,50.0,50.0,50.0,0.0,0.0
2020-10-28,50.0,50.0,50.0,50.0,0.0,0.0
2020-10-29,50.0,50.0,50.0,50.0,0.0,0.0
2020-10-30,50.0,50.0,50.0,50.0,0.0,0.0
2020-11-02,50.0,50.0,50.0,50.0,0.0,0.0
2020-11-03,50.0,50.0,50.0,50.0,0.0,0.0
2020-11-04,50.0,50.0,50.0,50.0,0.0,0.0
2020-11-05,50.0,65.0,50.0,60.0,0.2,0.1823215567939546
2020-11-06,60.0,61.0,56.0,56.0,-0.06666666666666667,-0.06899287148695143
2020-11-09,56.0,56.0,53.0,53.0,-0.05357142857142857,-0.05505977718302743
2020-11-10,53.0,53.0,50.0,50.0,-0.05660377358490566,-0.05826890812397576
2020-11-11,51.0,53.0,50.0,51.0,0.02,0.01980262729617973
2020-11-12,51.0,51.0,50.0,50.0,-0.0196078431372549,-0.019802627296179754
2020-11-13,51.0,51.0,50.0,50.0,0.0,0.0
2020-11-16,50.0,51.0,50.0,51.0,0.02,0.01980262729617973
2020-11-17,51.0,51.0,50.0,50.0,-0.0196078431372549,-0.019802627296179754
2020-11-18,50.0,51.0,50.0,50.0,0.0,0.0
2020-11-19,50.0,51.0,50.0,50.0,0.0,0.0
2020-11-20,50.0,51.0,50.0,51.0,0.02,0.01980262729617973
2020-11-23,50.0,51.0,50.0,51.0,0.0,0.0
2020-11-24,51.0,51.0,50.0,50.0,-0.0196078431372549,-0.019802627296179754
2020-11-25,50.0,52.0,50.0,51.0,0.02,0.01980262729617973
2020-11-26,51.0,53.0,50.0,53.0,0.0392156862745098,0.03846628082779614
2020-11-27,53.0,54.0,50.0,50.0,-0.05660377358490566,-0.05826890812397576
2020-11-30,50.0,51.0,50.0,50.0,0.0,0.0
2020-12-01,51.0,51.0,50.0,50.0,0.0,0.0
2020-12-02,50.0,50.0,50.0,50.0,0.0,0.0
2020-12-03,50.0,50.0,50.0,50.0,0.0,0.0
2020-12-04,50.0,50.0,50.0,50.0,0.0,0.0
2020-12-08,50.0,50.0,50.0,50.0,0.0,0.0
2020-12-09,50.0,50.0,50.0,50.0,0.0,0.0
2020-12-14,50.0,51.0,50.0,50.0,0.0,0.0
2020-12-15,50.0,50.0,50.0,50.0,0.0,0.0
2020-12-16,50.0,52.0,50.0,52.0,0.04,0.03922071315328133
2020-12-17,52.0,52.0,51.0,51.0,-0.019230769230769232,-0.019418085857101627
2020-12-18,51.0,52.0,51.0,52.0,0.0196078431372549,0.019418085857101516
2020-12-21,52.0,52.0,50.0,51.0,-0.019230769230769232,-0.019418085857101627
2020-12-22,51.0,52.0,50.0,51.0,0.0,0.0
2020-12-23,52.0,52.0,50.0,50.0,-0.0196078431372549,-0.019802627296179754
2020-12-24,52.0,52.0,50.0,50.0,0.0,0.0
2020-12-25,52.0,52.0,50.0,50.0,0.0,0.0
2020-12-28,50.0,50.0,50.0,50.0,0.0,0.0
2020-12-29,50.0,50.0,50.0,50.0,0.0,0.0
2020-12-30,50.0,51.0,50.0,50.0,0.0,0.0
